[
  {
    "id": "f388728c-85f8-4c9d-9294-6153fc4781a7",
    "data": [
      {
        "text": "what do you do for fun?",
        "userDefined": false
      }
    ],
    "isTemplate": false,
    "count": 0,
    "updated": 0
  },
  {
    "id": "cbab0c9c-f8dc-4427-9519-a54ed62d9881",
    "data": [
      {
        "text": "let\u0027s play",
        "userDefined": false
      }
    ],
    "isTemplate": false,
    "count": 0,
    "updated": 0
  },
  {
    "id": "e3faad4a-5cd5-4ad1-9426-676dd289a012",
    "data": [
      {
        "text": "have fun",
        "userDefined": false
      }
    ],
    "isTemplate": false,
    "count": 0,
    "updated": 0
  },
  {
    "id": "6786a394-259c-4133-8d84-76033a228162",
    "data": [
      {
        "text": "let\u0027s have fun",
        "userDefined": false
      }
    ],
    "isTemplate": false,
    "count": 0,
    "updated": 0
  },
  {
    "id": "d7f70011-9c55-4fc0-9fb0-a5787318a5a5",
    "data": [
      {
        "text": "do something fun",
        "userDefined": false
      }
    ],
    "isTemplate": false,
    "count": 0,
    "updated": 0
  },
  {
    "id": "eb1aee41-adcf-489a-a3b8-100eb0df5c03",
    "data": [
      {
        "text": "can you play?",
        "userDefined": false
      }
    ],
    "isTemplate": false,
    "count": 0,
    "updated": 0
  }
]