[
  {
    "id": "a822c28c-d9d6-4dfa-a7a4-168c11436345",
    "data": [
      {
        "text": "Daniel",
        "alias": "anyName",
        "meta": "@sys.any",
        "userDefined": true
      }
    ],
    "isTemplate": false,
    "count": 0,
    "updated": 0
  },
  {
    "id": "c903f707-6c97-4ee6-8a84-93c7887defdf",
    "data": [
      {
        "text": "Ben",
        "alias": "anyName",
        "meta": "@sys.any",
        "userDefined": true
      }
    ],
    "isTemplate": false,
    "count": 0,
    "updated": 0
  },
  {
    "id": "5b3bf73a-7935-4a0a-aa99-ac7f4fb6ef44",
    "data": [
      {
        "text": "James",
        "alias": "anyName",
        "meta": "@sys.any",
        "userDefined": true
      }
    ],
    "isTemplate": false,
    "count": 0,
    "updated": 0
  },
  {
    "id": "cf23a1ef-f039-4b31-b4d1-f9ef16600681",
    "data": [
      {
        "text": "Shaniqua",
        "alias": "anyName",
        "meta": "@sys.any",
        "userDefined": true
      }
    ],
    "isTemplate": false,
    "count": 0,
    "updated": 0
  },
  {
    "id": "b5d2df8d-77d3-403b-b86d-b1ed0b431534",
    "data": [
      {
        "text": "yamini",
        "alias": "anyName",
        "meta": "@sys.any",
        "userDefined": false
      }
    ],
    "isTemplate": false,
    "count": 0,
    "updated": 0
  },
  {
    "id": "6dd57c54-05d2-4918-899d-56e358da25e2",
    "data": [
      {
        "text": "Aravind",
        "alias": "anyName",
        "meta": "@sys.any",
        "userDefined": true
      }
    ],
    "isTemplate": false,
    "count": 0,
    "updated": 0
  },
  {
    "id": "f1505ea6-75aa-4b8c-ab4e-15ef54e2edcd",
    "data": [
      {
        "text": "Hiren",
        "alias": "anyName",
        "meta": "@sys.any",
        "userDefined": true
      }
    ],
    "isTemplate": false,
    "count": 0,
    "updated": 0
  },
  {
    "id": "e6bdb66a-7415-47df-8fd8-ccf7b31a7318",
    "data": [
      {
        "text": "Jeremy",
        "alias": "anyName",
        "meta": "@sys.any",
        "userDefined": true
      }
    ],
    "isTemplate": false,
    "count": 0,
    "updated": 0
  },
  {
    "id": "2d65f6df-a86e-4618-9f62-fcdab06a8810",
    "data": [
      {
        "text": "Holden",
        "alias": "anyName",
        "meta": "@sys.any",
        "userDefined": true
      }
    ],
    "isTemplate": false,
    "count": 0,
    "updated": 0
  }
]