[
  {
    "id": "40191ffd-6acd-431c-81aa-04e4b9aad839",
    "data": [
      {
        "text": "send ",
        "userDefined": false
      },
      {
        "text": "link",
        "meta": "@sys.ignore",
        "userDefined": false
      },
      {
        "text": " by text",
        "userDefined": false
      }
    ],
    "isTemplate": false,
    "count": 0,
    "updated": 0
  },
  {
    "id": "54a13f87-9c29-4e39-a64a-0d82415726b5",
    "data": [
      {
        "text": "text app ",
        "userDefined": false
      },
      {
        "text": "link",
        "meta": "@sys.ignore",
        "userDefined": false
      }
    ],
    "isTemplate": false,
    "count": 0,
    "updated": 0
  },
  {
    "id": "6ed87472-abb2-44c2-96ac-f8f43a6b1b84",
    "data": [
      {
        "text": "send the app to my phone",
        "userDefined": false
      }
    ],
    "isTemplate": false,
    "count": 0,
    "updated": 0
  },
  {
    "id": "f9996fb4-1317-43d6-bdde-df1ee1ea5a01",
    "data": [
      {
        "text": "text the app info",
        "userDefined": false
      }
    ],
    "isTemplate": false,
    "count": 0,
    "updated": 0
  },
  {
    "id": "08c95558-6cc2-424c-b8cf-4aa37674d5f7",
    "data": [
      {
        "text": "text me",
        "userDefined": false
      }
    ],
    "isTemplate": false,
    "count": 0,
    "updated": 0
  },
  {
    "id": "ed8065b3-3798-43e2-8e39-0eeb30bfde33",
    "data": [
      {
        "text": "i\u0027ll download by phone",
        "userDefined": false
      }
    ],
    "isTemplate": false,
    "count": 0,
    "updated": 0
  },
  {
    "id": "58c47d63-116d-4069-abd9-2b0fbf521b99",
    "data": [
      {
        "text": "send me a text link",
        "userDefined": false
      }
    ],
    "isTemplate": false,
    "count": 0,
    "updated": 0
  },
  {
    "id": "29f00861-3abc-422b-b827-a7496c09dc7e",
    "data": [
      {
        "text": "send text",
        "userDefined": false
      }
    ],
    "isTemplate": false,
    "count": 0,
    "updated": 0
  },
  {
    "id": "c3bf0484-9779-4465-ac90-6a2337780457",
    "data": [
      {
        "text": "App Link Via SMS",
        "userDefined": false
      }
    ],
    "isTemplate": false,
    "count": 0,
    "updated": 0
  }
]