[
  {
    "id": "5c6ab4e6-3561-4e8f-aee7-e4e83c763600",
    "data": [
      {
        "text": "yeah",
        "userDefined": false
      }
    ],
    "isTemplate": false,
    "count": 0,
    "updated": 0
  },
  {
    "id": "0e6850b7-08c6-4b8a-90e2-2b3efdf5a121",
    "data": [
      {
        "text": "yep",
        "userDefined": false
      }
    ],
    "isTemplate": false,
    "count": 0,
    "updated": 0
  },
  {
    "id": "3b62a8a5-36fd-47f0-9172-6d8e2e3f563d",
    "data": [
      {
        "text": "go ahead",
        "userDefined": false
      }
    ],
    "isTemplate": false,
    "count": 1,
    "updated": 0
  },
  {
    "id": "cc199dac-f576-498e-bb0d-8c133c4e5e28",
    "data": [
      {
        "text": "yes",
        "userDefined": false
      }
    ],
    "isTemplate": false,
    "count": 0,
    "updated": 0
  },
  {
    "id": "01fbb37e-07bf-4bde-b38b-a0a4e79dbcde",
    "data": [
      {
        "text": "of course",
        "userDefined": false
      }
    ],
    "isTemplate": false,
    "count": 0,
    "updated": 0
  },
  {
    "id": "4630bb4d-e1ca-4e42-a3dc-16afab1fabbb",
    "data": [
      {
        "text": "why not",
        "userDefined": false
      }
    ],
    "isTemplate": false,
    "count": 0,
    "updated": 0
  },
  {
    "id": "dfbbb7aa-9f23-4b8a-97f9-d018ab9e831f",
    "data": [
      {
        "text": "sure thing",
        "userDefined": false
      }
    ],
    "isTemplate": false,
    "count": 0,
    "updated": 0
  },
  {
    "id": "aa7edaf9-9e94-417e-80a5-54ce01922c51",
    "data": [
      {
        "text": "last time",
        "userDefined": false
      }
    ],
    "isTemplate": false,
    "count": 0,
    "updated": 0
  },
  {
    "id": "42189c74-4734-45d3-807f-c215cfd58d23",
    "data": [
      {
        "text": "maybe",
        "userDefined": false
      }
    ],
    "isTemplate": false,
    "count": 0,
    "updated": 0
  },
  {
    "id": "850bbc39-24fb-481e-8fd4-82f010a1c62e",
    "data": [
      {
        "text": "sure",
        "userDefined": false
      }
    ],
    "isTemplate": false,
    "count": 0,
    "updated": 0
  },
  {
    "id": "4629ef5f-b0ac-47d3-80a7-22a438568757",
    "data": [
      {
        "text": "one more",
        "userDefined": false
      }
    ],
    "isTemplate": false,
    "count": 0,
    "updated": 0
  },
  {
    "id": "e18b4b4b-0c3b-4131-9cb9-eb44c99d1a85",
    "data": [
      {
        "text": "ok",
        "userDefined": false
      }
    ],
    "isTemplate": false,
    "count": 0,
    "updated": 0
  },
  {
    "id": "833788b2-d81d-47b5-85e9-d5b55241898b",
    "data": [
      {
        "text": "i don\u0027t mind",
        "userDefined": false
      }
    ],
    "isTemplate": false,
    "count": 0,
    "updated": 0
  },
  {
    "id": "c608e99e-1abc-4408-80dd-1b68c1022feb",
    "data": [
      {
        "text": "one more dance",
        "userDefined": false
      }
    ],
    "isTemplate": false,
    "count": 0,
    "updated": 0
  },
  {
    "id": "93426c19-a0e2-4e5e-ba6f-efa78d7994bc",
    "data": [
      {
        "text": "dance",
        "userDefined": false
      }
    ],
    "isTemplate": false,
    "count": 0,
    "updated": 0
  }
]