[
  {
    "id": "9f4f397f-0a09-483b-aae4-4a0809bb7829",
    "data": [
      {
        "text": "Where can I find the tellers?",
        "userDefined": false
      }
    ],
    "isTemplate": false,
    "count": 1,
    "updated": 0
  },
  {
    "id": "6f21e5ba-66c7-4369-9b34-9884e116b2d6",
    "data": [
      {
        "text": "Where can I find the teller?",
        "userDefined": false
      }
    ],
    "isTemplate": false,
    "count": 0,
    "updated": 0
  },
  {
    "id": "701e73a2-1286-444c-b75b-90ff4081c96f",
    "data": [
      {
        "text": "Where are the tellers?",
        "userDefined": false
      }
    ],
    "isTemplate": false,
    "count": 0,
    "updated": 0
  },
  {
    "id": "a1b22b67-722a-4b6d-924a-a680013db379",
    "data": [
      {
        "text": "Teller",
        "userDefined": false
      }
    ],
    "isTemplate": false,
    "count": 0,
    "updated": 0
  },
  {
    "id": "42cff5f3-2592-4a55-8ac8-2b053946110c",
    "data": [
      {
        "text": "Where is the teller?",
        "userDefined": false
      }
    ],
    "isTemplate": false,
    "count": 0,
    "updated": 0
  }
]