[
  {
    "id": "bd62bcb7-464d-40ec-89bb-27f06d7c58e3",
    "data": [
      {
        "text": "Can I transfer funds on my phone?",
        "userDefined": false
      }
    ],
    "isTemplate": false,
    "count": 0,
    "updated": 0
  },
  {
    "id": "db1f033f-129b-44cc-8b80-cb4f5621d0d6",
    "data": [
      {
        "text": "transfer funds on phone",
        "userDefined": false
      }
    ],
    "isTemplate": false,
    "count": 0,
    "updated": 0
  },
  {
    "id": "1ec46689-24a6-453d-be7f-a44a92c95346",
    "data": [
      {
        "text": "Mobile transfers",
        "userDefined": false
      }
    ],
    "isTemplate": false,
    "count": 0,
    "updated": 0
  },
  {
    "id": "5b9d4c3f-6295-4fbd-b857-801c3bec6f04",
    "data": [
      {
        "text": "can i make transfers on my android?",
        "userDefined": false
      }
    ],
    "isTemplate": false,
    "count": 0,
    "updated": 0
  },
  {
    "id": "07e016ef-dd22-4e5e-9aff-957537940adc",
    "data": [
      {
        "text": "use iphone to make transfers",
        "userDefined": false
      }
    ],
    "isTemplate": false,
    "count": 0,
    "updated": 0
  },
  {
    "id": "9e643ff5-b22e-400c-9c0d-4a8f97b37e11",
    "data": [
      {
        "text": "funds transfer on mobile",
        "userDefined": false
      }
    ],
    "isTemplate": false,
    "count": 0,
    "updated": 0
  }
]