[
  {
    "id": "ca86b01f-b7b4-43fa-b1af-bb9b71a4e6ad",
    "data": [
      {
        "text": "How do I see all my transactions?",
        "userDefined": false
      }
    ],
    "isTemplate": false,
    "count": 0,
    "updated": 0
  },
  {
    "id": "853189df-8c7c-41d8-aa80-f534954b8a35",
    "data": [
      {
        "text": "Where do I go to check my transactions",
        "userDefined": false
      }
    ],
    "isTemplate": false,
    "count": 0,
    "updated": 0
  },
  {
    "id": "76ae6b01-6c33-4c0c-8cc7-db3757d8a8bd",
    "data": [
      {
        "text": "Can I see all my credits and debits?",
        "userDefined": false
      }
    ],
    "isTemplate": false,
    "count": 0,
    "updated": 0
  },
  {
    "id": "1f2afb7b-1bf6-48fa-907c-36b5010335fb",
    "data": [
      {
        "text": "I want to check my transaction history",
        "userDefined": false
      }
    ],
    "isTemplate": false,
    "count": 0,
    "updated": 0
  },
  {
    "id": "a6a385de-215e-40af-bb5a-5e49a43b06aa",
    "data": [
      {
        "text": "Can I see my transaction history?",
        "userDefined": false
      }
    ],
    "isTemplate": false,
    "count": 0,
    "updated": 0
  }
]