[
  {
    "id": "b9ae02b9-f861-40ad-a05e-484956b5f16b",
    "data": [
      {
        "text": "I want the application form on my cell",
        "userDefined": false
      }
    ],
    "isTemplate": false,
    "count": 0,
    "updated": 0
  },
  {
    "id": "159ce0a8-6361-43b5-b3bf-a523d3d87ef1",
    "data": [
      {
        "text": "text me",
        "userDefined": false
      }
    ],
    "isTemplate": false,
    "count": 0,
    "updated": 0
  },
  {
    "id": "018cf8ac-0ba4-44d0-8f7b-79e5cc266071",
    "data": [
      {
        "text": "mobile phone",
        "userDefined": false
      }
    ],
    "isTemplate": false,
    "count": 0,
    "updated": 0
  },
  {
    "id": "56d06218-d332-44d1-b721-2edf74ebd516",
    "data": [
      {
        "text": "cell phone",
        "userDefined": false
      }
    ],
    "isTemplate": false,
    "count": 0,
    "updated": 0
  },
  {
    "id": "c1670e21-cf44-46cd-8bc8-a1bb40c8c2f7",
    "data": [
      {
        "text": "Text me the account info",
        "userDefined": false
      }
    ],
    "isTemplate": false,
    "count": 0,
    "updated": 0
  },
  {
    "id": "80793710-4092-4281-b8a8-c28a8323dead",
    "data": [
      {
        "text": "I\u0027ll apply on my phone",
        "userDefined": false
      }
    ],
    "isTemplate": false,
    "count": 0,
    "updated": 0
  },
  {
    "id": "f7778d1a-1a6a-4063-ac78-e4bce7b22dd9",
    "data": [
      {
        "text": "Send the account info to my mobile",
        "userDefined": false
      }
    ],
    "isTemplate": false,
    "count": 0,
    "updated": 0
  },
  {
    "id": "bae0b9b0-6bba-4ea5-9915-f4b8106d8f9d",
    "data": [
      {
        "text": "Product Link Via SMS",
        "userDefined": false
      }
    ],
    "isTemplate": false,
    "count": 0,
    "updated": 0
  },
  {
    "id": "6ce79bde-a4db-4115-be9c-74a9bcd8de4a",
    "data": [
      {
        "text": "Send the product link by phone",
        "userDefined": false
      }
    ],
    "isTemplate": false,
    "count": 0,
    "updated": 0
  },
  {
    "id": "f94a36ad-78c0-4a30-9b9d-e3ca02212a64",
    "data": [
      {
        "text": "send me a text link",
        "userDefined": false
      }
    ],
    "isTemplate": false,
    "count": 0,
    "updated": 0
  },
  {
    "id": "d5fdd99d-452b-4688-a3d4-c9f867889b3b",
    "data": [
      {
        "text": "send ",
        "userDefined": false
      },
      {
        "text": "link",
        "meta": "@sys.ignore",
        "userDefined": false
      },
      {
        "text": " by text",
        "userDefined": false
      }
    ],
    "isTemplate": false,
    "count": 0,
    "updated": 0
  },
  {
    "id": "3deeb5bd-d31c-4421-86a6-2ac7b88b1b99",
    "data": [
      {
        "text": "send text",
        "userDefined": false
      }
    ],
    "isTemplate": false,
    "count": 0,
    "updated": 0
  }
]