[
  {
    "id": "67a7c115-9c69-4fd8-bbdc-1263d49d79c4",
    "data": [
      {
        "text": "I want to transfer money",
        "userDefined": false
      }
    ],
    "isTemplate": false,
    "count": 1,
    "updated": 0
  },
  {
    "id": "fc9e2092-972b-4024-b378-3a9a6b2ca478",
    "data": [
      {
        "text": "Move my money",
        "userDefined": false
      }
    ],
    "isTemplate": false,
    "count": 0,
    "updated": 0
  },
  {
    "id": "979a6cd3-20ad-4dba-9171-fcec47f47df1",
    "data": [
      {
        "text": "I want to send money to a friend",
        "userDefined": false
      }
    ],
    "isTemplate": false,
    "count": 1,
    "updated": 0
  },
  {
    "id": "75b20a1c-2188-4a48-b28a-3db0f03853a5",
    "data": [
      {
        "text": "Transfer",
        "userDefined": false
      }
    ],
    "isTemplate": false,
    "count": 0,
    "updated": 0
  },
  {
    "id": "34290959-5dfb-45f4-b332-3b0613094029",
    "data": [
      {
        "text": "Transfer some money",
        "userDefined": false
      }
    ],
    "isTemplate": false,
    "count": 0,
    "updated": 0
  },
  {
    "id": "dc2fbe1b-a550-4342-9a4c-27d3a80946d1",
    "data": [
      {
        "text": "Move money",
        "userDefined": false
      }
    ],
    "isTemplate": false,
    "count": 0,
    "updated": 0
  }
]