[
  {
    "id": "deb892c5-fb4b-4cea-9999-7ec7d621cde0",
    "data": [
      {
        "text": "Tell me about plus reward",
        "userDefined": false
      }
    ],
    "isTemplate": false,
    "count": 0,
    "updated": 0
  },
  {
    "id": "a0ea3f16-6f07-4bc4-b14e-1b4ed06f3e58",
    "data": [
      {
        "text": "Learn more about plus rewards Mastercard",
        "userDefined": false
      }
    ],
    "isTemplate": false,
    "count": 0,
    "updated": 0
  },
  {
    "id": "a63519b0-d26a-496b-8267-e4502582ca85",
    "data": [
      {
        "text": "I want a plus reward mastercard",
        "userDefined": false
      }
    ],
    "isTemplate": false,
    "count": 0,
    "updated": 0
  },
  {
    "id": "986e0451-5a83-4bd6-b432-6540a78ac90f",
    "data": [
      {
        "text": "+ Reward",
        "userDefined": false
      }
    ],
    "isTemplate": false,
    "count": 0,
    "updated": 0
  },
  {
    "id": "65548096-5a1b-45ae-9149-4c714030c14c",
    "data": [
      {
        "text": "Plus Reward",
        "userDefined": false
      }
    ],
    "isTemplate": false,
    "count": 0,
    "updated": 0
  },
  {
    "id": "7fc4ce14-a5f3-43f2-ba18-14fcc8bd5c94",
    "data": [
      {
        "text": "Plus Rewards Mastercard",
        "userDefined": false
      }
    ],
    "isTemplate": false,
    "count": 0,
    "updated": 0
  },
  {
    "id": "50ef0afb-bd86-4b7f-8fea-d85b93d8b68f",
    "data": [
      {
        "text": "Tell me about + Rewards Mastercard",
        "userDefined": false
      }
    ],
    "isTemplate": false,
    "count": 0,
    "updated": 0
  },
  {
    "id": "99aca791-24b0-49f1-a850-abdada971fae",
    "data": [
      {
        "text": "HSBC +Rewards Mastercard",
        "userDefined": false
      }
    ],
    "isTemplate": false,
    "count": 0,
    "updated": 0
  },
  {
    "id": "8d1ca4f0-5de3-4f4c-9982-cbd11fb18aa6",
    "data": [
      {
        "text": "I want cash back",
        "userDefined": false
      }
    ],
    "isTemplate": false,
    "count": 0,
    "updated": 0
  },
  {
    "id": "ab3150d9-78aa-473e-a20d-eec9a4502823",
    "data": [
      {
        "text": "I want cash rewards",
        "userDefined": false
      }
    ],
    "isTemplate": false,
    "count": 0,
    "updated": 0
  },
  {
    "id": "85cc0c3b-077f-4da5-ab5a-615b2cd9d278",
    "data": [
      {
        "text": "Cash rewards",
        "userDefined": false
      }
    ],
    "isTemplate": false,
    "count": 0,
    "updated": 0
  },
  {
    "id": "d0766b83-27dd-4201-9b1f-f8eb389c53a9",
    "data": [
      {
        "text": "Cash back credit card",
        "userDefined": false
      }
    ],
    "isTemplate": false,
    "count": 0,
    "updated": 0
  },
  {
    "id": "89b65ba5-e1a5-41f2-af30-4d0d884380d6",
    "data": [
      {
        "text": "Cash Rewards Mastercard",
        "meta": "@sys.ignore",
        "userDefined": true
      }
    ],
    "isTemplate": false,
    "count": 0,
    "updated": 0
  },
  {
    "id": "2c08f2c2-7f7b-40b4-9d47-c1bb18c36c61",
    "data": [
      {
        "text": "What about ",
        "userDefined": false
      },
      {
        "text": "Cash Rewards Mastercard",
        "meta": "@sys.ignore",
        "userDefined": true
      },
      {
        "text": "?",
        "userDefined": false
      }
    ],
    "isTemplate": false,
    "count": 0,
    "updated": 0
  },
  {
    "id": "3e924958-3a18-4f80-b920-2d095d505d1f",
    "data": [
      {
        "text": "I want a credit card with cash rewards",
        "userDefined": false
      }
    ],
    "isTemplate": false,
    "count": 0,
    "updated": 0
  },
  {
    "id": "c8e55f76-47ed-4fe4-b10a-513cdf44cacf",
    "data": [
      {
        "text": "Tell me about your ",
        "userDefined": false
      },
      {
        "text": "Cash Rewards Mastercard",
        "meta": "@sys.ignore",
        "userDefined": true
      }
    ],
    "isTemplate": false,
    "count": 0,
    "updated": 0
  }
]