[
  {
    "id": "3db89eb6-4291-491c-b2fb-6be25c649dad",
    "data": [
      {
        "text": "Can I check my balance using the app?",
        "userDefined": false
      }
    ],
    "isTemplate": false,
    "count": 0,
    "updated": 0
  },
  {
    "id": "8fb30a70-779c-46e5-a006-5893053ba6e1",
    "data": [
      {
        "text": "android balance inquiry",
        "userDefined": false
      }
    ],
    "isTemplate": false,
    "count": 0,
    "updated": 0
  },
  {
    "id": "264218a0-80b4-4507-ad3b-824a2232373d",
    "data": [
      {
        "text": "balance inquiry",
        "userDefined": false
      }
    ],
    "isTemplate": false,
    "count": 0,
    "updated": 0
  },
  {
    "id": "9d83b123-44b2-4780-8de3-6c25cdaa15d1",
    "data": [
      {
        "text": "Mobile balance enquiry",
        "userDefined": false
      }
    ],
    "isTemplate": false,
    "count": 0,
    "updated": 0
  },
  {
    "id": "7e6ee266-5195-4b13-b691-44aafeb92ad0",
    "data": [
      {
        "text": "check balance on phone",
        "userDefined": false
      }
    ],
    "isTemplate": false,
    "count": 0,
    "updated": 0
  },
  {
    "id": "f2cc8099-38c4-4674-87f9-803acc9206db",
    "data": [
      {
        "text": "iphone check balance",
        "userDefined": false
      }
    ],
    "isTemplate": false,
    "count": 0,
    "updated": 0
  },
  {
    "id": "91d82d46-6fb2-4f10-aed7-bdbc6d49be43",
    "data": [
      {
        "text": "phone balance check",
        "userDefined": false
      }
    ],
    "isTemplate": false,
    "count": 0,
    "updated": 0
  }
]