[
  {
    "id": "f5cffcc2-9723-4a26-b167-01d9bbbc7e5f",
    "data": [
      {
        "text": "Deposit cheque",
        "userDefined": false
      }
    ],
    "isTemplate": false,
    "count": 0,
    "updated": 0
  },
  {
    "id": "041c2248-c51f-42f6-aecc-1a6d906b865e",
    "data": [
      {
        "text": "I want to deposit  a cheque",
        "userDefined": false
      }
    ],
    "isTemplate": false,
    "count": 0,
    "updated": 0
  },
  {
    "id": "0a7a1652-3742-4d00-9642-a574dd17f53a",
    "data": [
      {
        "text": "I want to deposit a check",
        "userDefined": false
      }
    ],
    "isTemplate": false,
    "count": 0,
    "updated": 0
  },
  {
    "id": "18f801e4-72b2-4350-b3e0-e904b5edc9c2",
    "data": [
      {
        "text": "Can I deposit a check here?",
        "userDefined": false
      }
    ],
    "isTemplate": false,
    "count": 0,
    "updated": 0
  },
  {
    "id": "7594531e-e5b9-4a0d-a1e5-225f12a39df1",
    "data": [
      {
        "text": "check deposit",
        "userDefined": false
      }
    ],
    "isTemplate": false,
    "count": 0,
    "updated": 0
  },
  {
    "id": "38f35b8d-bf59-4a2e-87bb-29a827909935",
    "data": [
      {
        "text": "I want to deposit multiple checks",
        "userDefined": false
      }
    ],
    "isTemplate": false,
    "count": 0,
    "updated": 0
  },
  {
    "id": "f3b77779-9c6f-4744-892f-43634b5e9bd8",
    "data": [
      {
        "text": "deposit checks",
        "userDefined": false
      }
    ],
    "isTemplate": false,
    "count": 1,
    "updated": 0
  },
  {
    "id": "caa80bde-e2f1-4991-bf06-ab253785714f",
    "data": [
      {
        "text": "Deposit check",
        "userDefined": false
      }
    ],
    "isTemplate": false,
    "count": 0,
    "updated": 0
  },
  {
    "id": "5106311a-6feb-4170-ad73-aa2b61cf95cf",
    "data": [
      {
        "text": "How do i deposit checks?",
        "userDefined": false
      }
    ],
    "isTemplate": false,
    "count": 0,
    "updated": 0
  }
]