[
  {
    "id": "b0ebc37a-b5aa-47c4-a853-b3097e6eeb2b",
    "data": [
      {
        "text": "Share HSBC experience",
        "userDefined": false
      }
    ],
    "isTemplate": false,
    "count": 0,
    "updated": 0
  },
  {
    "id": "a4a021e1-4042-4d18-8c38-d46072850645",
    "data": [
      {
        "text": "Refer someone",
        "userDefined": false
      }
    ],
    "isTemplate": false,
    "count": 0,
    "updated": 0
  },
  {
    "id": "aef02a8a-52d2-4c2f-bb76-f8eb6a5559aa",
    "data": [
      {
        "text": "Refer a friend",
        "userDefined": false
      }
    ],
    "isTemplate": false,
    "count": 0,
    "updated": 0
  },
  {
    "id": "5a815d8f-4ced-4c3b-b489-f4ef627e7d92",
    "data": [
      {
        "text": "Refer HSBC",
        "userDefined": false
      }
    ],
    "isTemplate": false,
    "count": 0,
    "updated": 0
  },
  {
    "id": "328a034c-5f76-422a-9727-afe08b399a11",
    "data": [
      {
        "text": "STEP",
        "userDefined": false
      }
    ],
    "isTemplate": false,
    "count": 0,
    "updated": 0
  },
  {
    "id": "4a92b927-bb90-495a-9e1c-3afc84759743",
    "data": [
      {
        "text": "S T E P",
        "userDefined": false
      }
    ],
    "isTemplate": false,
    "count": 0,
    "updated": 0
  },
  {
    "id": "7cc0e73a-dd7d-4e55-bf96-0146cead98e2",
    "data": [
      {
        "text": "Share the Experience Program",
        "userDefined": false
      }
    ],
    "isTemplate": false,
    "count": 0,
    "updated": 0
  }
]