[
  {
    "id": "431b3b71-14f3-41c4-8e99-c6d4cfe8cc02",
    "data": [
      {
        "text": "Foreign Currency Savings Accounts",
        "userDefined": false
      }
    ],
    "isTemplate": false,
    "count": 0,
    "updated": 0
  },
  {
    "id": "9a8cac59-0ab5-4fe1-a25d-64713b2f88b2",
    "data": [
      {
        "text": "Savings Accounts abroad",
        "userDefined": false
      }
    ],
    "isTemplate": false,
    "count": 0,
    "updated": 0
  },
  {
    "id": "498006cf-311a-466d-b6d0-446272c40c67",
    "data": [
      {
        "text": "Opening a Saving Accounts abroad",
        "userDefined": false
      }
    ],
    "isTemplate": false,
    "count": 0,
    "updated": 0
  },
  {
    "id": "0a7b2661-3661-44d1-8f0c-ed13cbbb0360",
    "data": [
      {
        "text": "Foreign Savings Accounts",
        "userDefined": false
      }
    ],
    "isTemplate": false,
    "count": 0,
    "updated": 0
  },
  {
    "id": "f568e29c-171e-4781-8f37-c42911470fcf",
    "data": [
      {
        "text": "Foreign Accounts",
        "userDefined": false
      }
    ],
    "isTemplate": false,
    "count": 1,
    "updated": 0
  }
]