[
  {
    "id": "95f51d3c-6471-4bb3-83d1-2d8f0e2449ad",
    "data": [
      {
        "text": "I\u0027m interested in High Rate Savings Account",
        "userDefined": false
      }
    ],
    "isTemplate": false,
    "count": 0,
    "updated": 0
  },
  {
    "id": "bbff1a63-3921-49f9-a265-27268bfbcd3a",
    "data": [
      {
        "text": "open High Rate Savings Account",
        "userDefined": false
      }
    ],
    "isTemplate": false,
    "count": 0,
    "updated": 0
  },
  {
    "id": "fe3c3252-d487-4cfb-93f1-add7649b37b9",
    "data": [
      {
        "text": "Tell me about High Rate Savings Account",
        "userDefined": false
      }
    ],
    "isTemplate": false,
    "count": 0,
    "updated": 0
  },
  {
    "id": "a354264e-a741-42b8-a0fb-19e74df0289f",
    "data": [
      {
        "text": "What about High Rate",
        "userDefined": false
      }
    ],
    "isTemplate": false,
    "count": 0,
    "updated": 0
  },
  {
    "id": "2bae9dc0-83e0-4385-9593-0ee11c8afdf6",
    "data": [
      {
        "text": "High Rate Savings Account",
        "userDefined": false
      }
    ],
    "isTemplate": false,
    "count": 0,
    "updated": 0
  }
]