[
  {
    "id": "fc39a50e-764f-455e-ab4a-faa9195904c6",
    "data": [
      {
        "text": "I need to transfer money overseas",
        "userDefined": false
      }
    ],
    "isTemplate": false,
    "count": 0,
    "updated": 0
  },
  {
    "id": "955f34f9-1666-4928-a445-1438274da099",
    "data": [
      {
        "text": "I need to transfer money to ",
        "userDefined": false
      },
      {
        "text": "France",
        "alias": "geo-country",
        "meta": "@sys.geo-country",
        "userDefined": false
      }
    ],
    "isTemplate": false,
    "count": 0,
    "updated": 0
  },
  {
    "id": "d89c0b9a-18fe-42a2-ae7c-ff7c14632216",
    "data": [
      {
        "text": "I need to send money in ",
        "userDefined": false
      },
      {
        "text": "France",
        "alias": "geo-country",
        "meta": "@sys.geo-country",
        "userDefined": false
      }
    ],
    "isTemplate": false,
    "count": 0,
    "updated": 0
  },
  {
    "id": "01835d2e-9015-4d69-acaa-e0b0e475165f",
    "data": [
      {
        "text": "I want to send money in ",
        "userDefined": false
      },
      {
        "text": "China",
        "alias": "geo-country",
        "meta": "@sys.geo-country",
        "userDefined": false
      }
    ],
    "isTemplate": false,
    "count": 0,
    "updated": 0
  },
  {
    "id": "99ff6ed6-5f81-4cd8-814e-df33897332d8",
    "data": [
      {
        "text": "global transfers",
        "userDefined": false
      }
    ],
    "isTemplate": false,
    "count": 0,
    "updated": 0
  },
  {
    "id": "2e48e5f1-de86-4d63-bab2-c9ec6ab9d29a",
    "data": [
      {
        "text": "send money abroad",
        "userDefined": false
      }
    ],
    "isTemplate": false,
    "count": 0,
    "updated": 0
  },
  {
    "id": "e0d2756b-fe59-4d40-8585-2eebaa64d612",
    "data": [
      {
        "text": "International wire transfer",
        "userDefined": false
      }
    ],
    "isTemplate": false,
    "count": 0,
    "updated": 0
  },
  {
    "id": "374d6f43-607c-4061-b1af-1d96590dd3ec",
    "data": [
      {
        "text": "International transfer",
        "userDefined": false
      }
    ],
    "isTemplate": false,
    "count": 0,
    "updated": 0
  },
  {
    "id": "91a713de-d379-4635-9a09-52d0af48c9ee",
    "data": [
      {
        "text": "I need to send money overseas",
        "userDefined": false
      }
    ],
    "isTemplate": false,
    "count": 0,
    "updated": 0
  }
]