[
  {
    "id": "06a4ff68-0f0d-445c-ad4c-0e5bd69cb8f9",
    "data": [
      {
        "text": "I want to learn about Tax-Free",
        "userDefined": false
      }
    ],
    "isTemplate": false,
    "count": 0,
    "updated": 0
  },
  {
    "id": "f8e10335-63f1-47a9-a2ca-0920a011c4fc",
    "data": [
      {
        "text": "Tell me about Tax-Free",
        "userDefined": false
      }
    ],
    "isTemplate": false,
    "count": 0,
    "updated": 0
  },
  {
    "id": "34b598a2-5dae-4775-ba7f-ada65be7d537",
    "data": [
      {
        "text": "open Tax-Free Savings Account",
        "userDefined": false
      }
    ],
    "isTemplate": false,
    "count": 0,
    "updated": 0
  },
  {
    "id": "37585241-837a-4d43-852d-4b7698acca58",
    "data": [
      {
        "text": "I want to learn about Tax-Free Savings Account",
        "userDefined": false
      }
    ],
    "isTemplate": false,
    "count": 0,
    "updated": 0
  },
  {
    "id": "30539bc3-f56b-46fc-b0ab-a8f9a5d81033",
    "data": [
      {
        "text": "What about Tax-Free Savings Account",
        "userDefined": false
      }
    ],
    "isTemplate": false,
    "count": 0,
    "updated": 0
  },
  {
    "id": "43556e5b-0f67-4b67-98ff-df7fcc426792",
    "data": [
      {
        "text": "Tax-Free Savings Account",
        "userDefined": false
      }
    ],
    "isTemplate": false,
    "count": 0,
    "updated": 0
  },
  {
    "id": "0862b85d-e38a-4c90-ada8-4a47a2f4a632",
    "data": [
      {
        "text": "Everyday Savings",
        "userDefined": false
      }
    ],
    "isTemplate": false,
    "count": 0,
    "updated": 0
  }
]