[
  {
    "id": "1c6b889b-02d7-4f8a-bfbd-5c6e9bd9ea94",
    "data": [
      {
        "text": "Where are the others branches",
        "userDefined": false
      }
    ],
    "isTemplate": false,
    "count": 1,
    "updated": 0
  },
  {
    "id": "b058aa76-1822-43ba-aced-deb671ea3bb9",
    "data": [
      {
        "text": "How many HSBC?",
        "userDefined": false
      }
    ],
    "isTemplate": false,
    "count": 0,
    "updated": 0
  },
  {
    "id": "fbd5c761-8523-4250-bdee-8dad7da887bb",
    "data": [
      {
        "text": "How many branch are there?",
        "userDefined": false
      }
    ],
    "isTemplate": false,
    "count": 0,
    "updated": 0
  },
  {
    "id": "090fbd3f-d5d6-411b-b1d4-434efb9146da",
    "data": [
      {
        "text": "Where are your locations?",
        "userDefined": false
      }
    ],
    "isTemplate": false,
    "count": 0,
    "updated": 0
  }
]