[
  {
    "id": "36c43437-18da-4566-a3df-861fbb8e3c00",
    "data": [
      {
        "text": "let\u0027s dance",
        "userDefined": false
      }
    ],
    "isTemplate": false,
    "count": 0,
    "updated": 0
  },
  {
    "id": "525f7ed4-e8e4-4dab-9729-b66b201b1027",
    "data": [
      {
        "text": "dance",
        "userDefined": false
      }
    ],
    "isTemplate": false,
    "count": 1,
    "updated": 0
  },
  {
    "id": "db1fddc2-b65f-4db5-ba6d-a3e5fef29a8f",
    "data": [
      {
        "text": "dance please",
        "userDefined": false
      }
    ],
    "isTemplate": false,
    "count": 0,
    "updated": 0
  },
  {
    "id": "280825f0-9485-45e9-a59e-b3dc0f5a1966",
    "data": [
      {
        "text": "do a dance",
        "userDefined": false
      }
    ],
    "isTemplate": false,
    "count": 0,
    "updated": 0
  },
  {
    "id": "3b0ccec1-9609-49d6-ad30-1818a4cac6d8",
    "data": [
      {
        "text": "Can you dance",
        "userDefined": false
      }
    ],
    "isTemplate": false,
    "count": 0,
    "updated": 0
  },
  {
    "id": "e1b5ba58-b48d-4f8b-a944-ac8216e6fee6",
    "data": [
      {
        "text": "pepper can you dance",
        "userDefined": false
      }
    ],
    "isTemplate": false,
    "count": 0,
    "updated": 0
  }
]