[
  {
    "id": "8c5f4330-a9eb-4ec9-b1b3-cfdaf8baac8c",
    "data": [
      {
        "text": "Tell me more about Home Equity Line of Credit",
        "userDefined": false
      }
    ],
    "isTemplate": false,
    "count": 0,
    "updated": 0
  },
  {
    "id": "089f6521-5c19-4264-a626-de8142ddc60c",
    "data": [
      {
        "text": "Learn more about Home Equity Line of Credit",
        "userDefined": false
      }
    ],
    "isTemplate": false,
    "count": 0,
    "updated": 0
  },
  {
    "id": "1377e28b-3f3b-44cc-8f6a-30e3e7fb9b04",
    "data": [
      {
        "text": "Home Equity Line of Credit",
        "userDefined": false
      }
    ],
    "isTemplate": false,
    "count": 0,
    "updated": 0
  },
  {
    "id": "6d460925-5d27-407f-b469-c18b2a2c695d",
    "data": [
      {
        "text": "HSBC Home Equity Line of Credit",
        "userDefined": false
      }
    ],
    "isTemplate": false,
    "count": 0,
    "updated": 0
  }
]