[
  {
    "id": "5952fd39-d41f-4dcc-ab84-09797dd5e017",
    "data": [
      {
        "text": "Cards",
        "userDefined": false
      }
    ],
    "isTemplate": false,
    "count": 0,
    "updated": 0
  },
  {
    "id": "2abc9994-034b-440a-b097-d7d9eb9bc894",
    "data": [
      {
        "text": "can I get a visa",
        "userDefined": false
      }
    ],
    "isTemplate": false,
    "count": 0,
    "updated": 0
  },
  {
    "id": "e1366a50-8278-46c0-9c5c-7122ec7f9127",
    "data": [
      {
        "text": "Credit card",
        "userDefined": false
      }
    ],
    "isTemplate": false,
    "count": 1,
    "updated": 0
  },
  {
    "id": "594ab369-458c-49a4-9c35-dedfff9df7cd",
    "data": [
      {
        "text": "I need help with credit card",
        "userDefined": false
      }
    ],
    "isTemplate": false,
    "count": 0,
    "updated": 0
  },
  {
    "id": "4ddd56a3-103b-45c2-b583-e313c58b1aea",
    "data": [
      {
        "text": "I need a new credit card",
        "userDefined": false
      }
    ],
    "isTemplate": false,
    "count": 0,
    "updated": 0
  },
  {
    "id": "c7bbd3f6-bb2e-4ca5-847a-ee800ab13347",
    "data": [
      {
        "text": "Can you help me with credit card?",
        "userDefined": false
      }
    ],
    "isTemplate": false,
    "count": 0,
    "updated": 0
  },
  {
    "id": "c9e171ef-3164-4787-a2a8-59431fa28bad",
    "data": [
      {
        "text": "What\u0027s the best credit card?",
        "userDefined": false
      }
    ],
    "isTemplate": false,
    "count": 0,
    "updated": 0
  },
  {
    "id": "ab0bc724-4c9e-49b2-87b4-32b579d642e2",
    "data": [
      {
        "text": "What credit cards do you have",
        "userDefined": false
      }
    ],
    "isTemplate": false,
    "count": 0,
    "updated": 0
  },
  {
    "id": "e335b3bb-0d3e-49e2-90df-6c9544dbfb38",
    "data": [
      {
        "text": "Which is the best credit card?",
        "userDefined": false
      }
    ],
    "isTemplate": false,
    "count": 0,
    "updated": 0
  },
  {
    "id": "ff27b613-e3a3-4465-b87d-d88a3ae4f4d7",
    "data": [
      {
        "text": "Tell me your best credit card",
        "userDefined": false
      }
    ],
    "isTemplate": false,
    "count": 0,
    "updated": 0
  },
  {
    "id": "eb404d70-8957-4f9e-a84c-39fe5924f652",
    "data": [
      {
        "text": "can I get a mastercard",
        "userDefined": false
      }
    ],
    "isTemplate": false,
    "count": 0,
    "updated": 0
  },
  {
    "id": "6a5eba84-571e-4e2c-b82f-0d3e0579ad08",
    "data": [
      {
        "text": "I\u0027m looking for a credit card",
        "userDefined": false
      }
    ],
    "isTemplate": false,
    "count": 1,
    "updated": 0
  }
]