[
  {
    "id": "da5116dd-a53d-41ef-8456-610516d5b213",
    "data": [
      {
        "text": "Tell me more about HSBC Advance Chequing",
        "userDefined": false
      }
    ],
    "isTemplate": false,
    "count": 0,
    "updated": 0
  },
  {
    "id": "216e9f83-dc58-4bca-b8d9-96880c9853da",
    "data": [
      {
        "text": "HSBC Advance Chequing",
        "userDefined": false
      }
    ],
    "isTemplate": false,
    "count": 0,
    "updated": 0
  },
  {
    "id": "f0f7a002-2ae7-4920-a19f-5a603eaf9ff2",
    "data": [
      {
        "text": "Tell me about Advance Checking",
        "userDefined": false
      }
    ],
    "isTemplate": false,
    "count": 0,
    "updated": 0
  },
  {
    "id": "263cf535-5c4d-4989-9027-fdfbcd28856b",
    "data": [
      {
        "text": "Open Advance Checking account",
        "userDefined": false
      }
    ],
    "isTemplate": false,
    "count": 0,
    "updated": 0
  },
  {
    "id": "6c9944d9-7382-483b-abc8-cb025d65bdd8",
    "data": [
      {
        "text": "I want to learn Advance Checking",
        "userDefined": false
      }
    ],
    "isTemplate": false,
    "count": 0,
    "updated": 0
  },
  {
    "id": "a53d41a4-dcfd-4330-bd6b-9234328b7cff",
    "data": [
      {
        "text": "I want to open an Advance Checking account",
        "userDefined": false
      }
    ],
    "isTemplate": false,
    "count": 0,
    "updated": 0
  },
  {
    "id": "1dfe31f3-4ec3-46f4-8730-725d76e2bdfc",
    "data": [
      {
        "text": "Advance Checking",
        "userDefined": false
      }
    ],
    "isTemplate": false,
    "count": 0,
    "updated": 0
  }
]