[
  {
    "id": "e1176563-3ce1-43d4-8cc1-fda13e96bae6",
    "data": [
      {
        "text": "I have question about the branch",
        "userDefined": false
      }
    ],
    "isTemplate": false,
    "count": 0,
    "updated": 0
  },
  {
    "id": "f0577725-8f00-467a-8af7-3bc41217f43e",
    "data": [
      {
        "text": "questions about the branch",
        "userDefined": false
      }
    ],
    "isTemplate": false,
    "count": 0,
    "updated": 0
  },
  {
    "id": "c5d7e6e3-652c-4337-b21d-40dc5d76088d",
    "data": [
      {
        "text": "I have general question",
        "userDefined": false
      }
    ],
    "isTemplate": false,
    "count": 0,
    "updated": 0
  },
  {
    "id": "1bb2b540-b173-4bb0-b89f-e3d8b3ee8169",
    "data": [
      {
        "text": "General",
        "userDefined": false
      }
    ],
    "isTemplate": false,
    "count": 0,
    "updated": 0
  }
]