[
  {
    "id": "bd7f57af-6c55-48d3-824f-754aadd6e89f",
    "data": [
      {
        "text": "Travel in ",
        "userDefined": false
      },
      {
        "text": "United Kingdom",
        "meta": "@sys.ignore",
        "userDefined": false
      }
    ],
    "isTemplate": false,
    "count": 0,
    "updated": 0
  },
  {
    "id": "9070d210-9be1-46ef-9de6-20945f223aeb",
    "data": [
      {
        "text": "Travel in U.K",
        "userDefined": false
      }
    ],
    "isTemplate": false,
    "count": 0,
    "updated": 0
  },
  {
    "id": "656c20ea-cd2f-430d-af21-65452bb4715b",
    "data": [
      {
        "text": "I want to open account in U.K",
        "userDefined": false
      }
    ],
    "isTemplate": false,
    "count": 0,
    "updated": 0
  },
  {
    "id": "056130bb-46ea-41d0-9a08-6e70867954e8",
    "data": [
      {
        "text": "open saving account in ",
        "userDefined": false
      },
      {
        "text": "England",
        "meta": "@sys.ignore",
        "userDefined": false
      }
    ],
    "isTemplate": false,
    "count": 0,
    "updated": 0
  },
  {
    "id": "479d5528-280a-4c6a-89bd-581586507c29",
    "data": [
      {
        "text": "open ",
        "userDefined": false
      },
      {
        "text": "British Pound",
        "meta": "@sys.ignore",
        "userDefined": false
      },
      {
        "text": " High Rate Savings Account",
        "userDefined": false
      }
    ],
    "isTemplate": false,
    "count": 0,
    "updated": 0
  },
  {
    "id": "da6a6dd6-e402-4c21-8df6-7393dfcbb069",
    "data": [
      {
        "text": "British Pound",
        "meta": "@sys.ignore",
        "userDefined": false
      },
      {
        "text": " Savings Account",
        "userDefined": false
      }
    ],
    "isTemplate": false,
    "count": 0,
    "updated": 0
  },
  {
    "id": "5e68789a-01f5-4da4-a075-ef523f9e2f72",
    "data": [
      {
        "text": "British Savings Account",
        "userDefined": false
      }
    ],
    "isTemplate": false,
    "count": 0,
    "updated": 0
  },
  {
    "id": "c39bec3c-d688-4fbc-97bf-5306b2651619",
    "data": [
      {
        "text": "I want to travel in ",
        "userDefined": false
      },
      {
        "text": "England",
        "meta": "@sys.ignore",
        "userDefined": false
      }
    ],
    "isTemplate": false,
    "count": 0,
    "updated": 0
  },
  {
    "id": "409e39eb-ab5d-46f4-954e-92a14606097d",
    "data": [
      {
        "text": "Tell me about ",
        "userDefined": false
      },
      {
        "text": "British Pound",
        "meta": "@sys.ignore",
        "userDefined": false
      },
      {
        "text": " High Rate Savings Account",
        "userDefined": false
      }
    ],
    "isTemplate": false,
    "count": 0,
    "updated": 0
  },
  {
    "id": "25135cc8-897b-4329-9749-d948f7f4c6b7",
    "data": [
      {
        "text": "Learn more about ",
        "userDefined": false
      },
      {
        "text": "British Pound",
        "meta": "@sys.ignore",
        "userDefined": false
      },
      {
        "text": " High Rate Savings Account",
        "userDefined": false
      }
    ],
    "isTemplate": false,
    "count": 0,
    "updated": 0
  },
  {
    "id": "6779256b-42ff-47ca-826f-ed9346790988",
    "data": [
      {
        "text": "British Pound",
        "meta": "@sys.ignore",
        "userDefined": false
      },
      {
        "text": " High Rate Savings Account",
        "userDefined": false
      }
    ],
    "isTemplate": false,
    "count": 0,
    "updated": 0
  }
]