[
  {
    "id": "1dcc4140-69d7-4ff5-be25-6ed00af60446",
    "data": [
      {
        "text": "CEO",
        "userDefined": false
      }
    ],
    "isTemplate": false,
    "count": 0,
    "updated": 0
  },
  {
    "id": "51cee47c-15c1-481c-abd7-49c6e6207c21",
    "data": [
      {
        "text": "Who is your CEO",
        "userDefined": false
      }
    ],
    "isTemplate": false,
    "count": 0,
    "updated": 0
  },
  {
    "id": "f0022427-31fa-416f-aad3-d57ebcaff7ab",
    "data": [
      {
        "text": "Who is the CEO of HSBC?",
        "userDefined": false
      }
    ],
    "isTemplate": false,
    "count": 0,
    "updated": 0
  }
]