[
  {
    "id": "e36ed814-3b92-41da-8589-b5418c90ee6b",
    "data": [
      {
        "text": "Tell me more about Home Equity Line of Credit",
        "userDefined": false
      }
    ],
    "isTemplate": false,
    "count": 0,
    "updated": 0
  },
  {
    "id": "0661de24-0997-4b58-973d-8745a1732616",
    "data": [
      {
        "text": "Tell me more about HSBC Home Equity Line of Credit",
        "userDefined": false
      }
    ],
    "isTemplate": false,
    "count": 0,
    "updated": 0
  },
  {
    "id": "3234789d-b57c-468a-8c8c-858ccfc2dcc8",
    "data": [
      {
        "text": "Learn more about Home Equity Line of Credit",
        "userDefined": false
      }
    ],
    "isTemplate": false,
    "count": 0,
    "updated": 0
  },
  {
    "id": "fec5a325-a6f0-476d-a02a-6816baef641f",
    "data": [
      {
        "text": "Learn more about HSBC Home Equity Line of Credit",
        "userDefined": false
      }
    ],
    "isTemplate": false,
    "count": 0,
    "updated": 0
  },
  {
    "id": "de8ab477-067a-41db-bd55-529fc6f8ef53",
    "data": [
      {
        "text": "Open a HSBC Home Equity Line of Credit",
        "userDefined": false
      }
    ],
    "isTemplate": false,
    "count": 0,
    "updated": 0
  },
  {
    "id": "7fccc45d-5c2f-4579-bf61-76941d4ea5e9",
    "data": [
      {
        "text": "Applying for a Home Equity Line of Credit",
        "userDefined": false
      }
    ],
    "isTemplate": false,
    "count": 0,
    "updated": 0
  },
  {
    "id": "e8fc6619-95dd-46bd-81c4-76f4f29f548c",
    "data": [
      {
        "text": "Home Equity Line of Credit",
        "userDefined": false
      }
    ],
    "isTemplate": false,
    "count": 0,
    "updated": 0
  },
  {
    "id": "8881fca3-1ee1-43da-a0b8-19bba5113b6f",
    "data": [
      {
        "text": "HSBC Home Equity Line of Credit",
        "userDefined": false
      }
    ],
    "isTemplate": false,
    "count": 0,
    "updated": 0
  }
]