[
  {
    "id": "401e82d3-dfa9-4433-bbe7-bd4243eb7289",
    "data": [
      {
        "text": "Wire Transfer",
        "userDefined": false
      }
    ],
    "isTemplate": false,
    "count": 0,
    "updated": 0
  },
  {
    "id": "39e01cf7-46a1-4d99-9432-d638cc09c1cc",
    "data": [
      {
        "text": "how do i make a wire transfer?",
        "userDefined": false
      }
    ],
    "isTemplate": false,
    "count": 0,
    "updated": 0
  },
  {
    "id": "234f93be-a6bf-4ab6-8792-839d47363268",
    "data": [
      {
        "text": "where can i make a wire transfer?",
        "userDefined": false
      }
    ],
    "isTemplate": false,
    "count": 0,
    "updated": 0
  },
  {
    "id": "bf7cd7db-34e9-4d77-9cd5-40a12bf8eb17",
    "data": [
      {
        "text": "how to do a wire transfer",
        "userDefined": false
      }
    ],
    "isTemplate": false,
    "count": 0,
    "updated": 0
  }
]