[
  {
    "id": "8c2ed329-ba11-47a2-a523-f533c48f1644",
    "data": [
      {
        "text": "R S P",
        "userDefined": false
      }
    ],
    "isTemplate": false,
    "count": 0,
    "updated": 0
  },
  {
    "id": "1d0b521e-48ee-4586-bd85-e03024097145",
    "data": [
      {
        "text": "RSP",
        "userDefined": false
      }
    ],
    "isTemplate": false,
    "count": 0,
    "updated": 0
  },
  {
    "id": "d06725f7-bd5c-493f-8f15-e6c4e10b7de2",
    "data": [
      {
        "text": "RIF",
        "userDefined": false
      }
    ],
    "isTemplate": false,
    "count": 0,
    "updated": 0
  },
  {
    "id": "eee95e99-6fb2-4ef0-a2c9-e23a3b1efcd4",
    "data": [
      {
        "text": "R I F",
        "userDefined": false
      }
    ],
    "isTemplate": false,
    "count": 0,
    "updated": 0
  },
  {
    "id": "7c60a5e3-e980-4a41-9e9f-b1aaa288ab54",
    "data": [
      {
        "text": "R R I F",
        "userDefined": false
      }
    ],
    "isTemplate": false,
    "count": 0,
    "updated": 0
  },
  {
    "id": "0b6b8304-e955-4c55-8dc8-54425e6009cf",
    "data": [
      {
        "text": "RRIF",
        "userDefined": false
      }
    ],
    "isTemplate": false,
    "count": 0,
    "updated": 0
  },
  {
    "id": "630046ae-c3e8-4ca0-b73d-6d7986474c47",
    "data": [
      {
        "text": "R E S P",
        "userDefined": false
      }
    ],
    "isTemplate": false,
    "count": 0,
    "updated": 0
  },
  {
    "id": "189e691f-b087-4e71-b63c-fcb2ec20ee58",
    "data": [
      {
        "text": "RESP",
        "userDefined": false
      }
    ],
    "isTemplate": false,
    "count": 0,
    "updated": 0
  },
  {
    "id": "a6a922eb-aa7e-4d05-bb47-5dd03a77db17",
    "data": [
      {
        "text": "RRSP",
        "userDefined": false
      }
    ],
    "isTemplate": false,
    "count": 0,
    "updated": 0
  },
  {
    "id": "e7a87452-1683-45ca-861e-b7375e2100ac",
    "data": [
      {
        "text": "R R S P",
        "userDefined": false
      }
    ],
    "isTemplate": false,
    "count": 0,
    "updated": 0
  },
  {
    "id": "71400a67-ec73-4e5a-bcf6-e8a0d9113a15",
    "data": [
      {
        "text": "T F S A",
        "userDefined": false
      }
    ],
    "isTemplate": false,
    "count": 0,
    "updated": 0
  },
  {
    "id": "3e8350fe-2dc8-4a59-b2be-1c2be205f416",
    "data": [
      {
        "text": "TFSA",
        "userDefined": false
      }
    ],
    "isTemplate": false,
    "count": 0,
    "updated": 0
  },
  {
    "id": "6989c022-a2bf-479e-8dec-bbe55638ff75",
    "data": [
      {
        "text": "Tell me about Registered Products",
        "userDefined": false
      }
    ],
    "isTemplate": false,
    "count": 0,
    "updated": 0
  },
  {
    "id": "c604e360-1d1e-49e2-9d12-7698f0967fc6",
    "data": [
      {
        "text": "Learn more about Registered Products",
        "userDefined": false
      }
    ],
    "isTemplate": false,
    "count": 0,
    "updated": 0
  },
  {
    "id": "44d17ea0-4aaf-4a44-88f2-93b5951b0879",
    "data": [
      {
        "text": "Registered Products",
        "userDefined": false
      }
    ],
    "isTemplate": false,
    "count": 0,
    "updated": 0
  }
]