[
  {
    "id": "705dfe8f-2f77-456e-a29b-04375fa54e3b",
    "data": [
      {
        "text": "I just open a small business",
        "userDefined": false
      }
    ],
    "isTemplate": false,
    "count": 0,
    "updated": 0
  },
  {
    "id": "aec41679-03bf-4434-80e6-a0c2fc30587b",
    "data": [
      {
        "text": "Small Business",
        "userDefined": false
      }
    ],
    "isTemplate": false,
    "count": 0,
    "updated": 0
  },
  {
    "id": "df92cc93-61e9-4b78-8d57-e81e3c32c7c9",
    "data": [
      {
        "text": "business checking",
        "userDefined": false
      }
    ],
    "isTemplate": false,
    "count": 0,
    "updated": 0
  },
  {
    "id": "58b97ea1-e525-48d2-9cdf-14aeed6212c9",
    "data": [
      {
        "text": "company account",
        "userDefined": false
      }
    ],
    "isTemplate": false,
    "count": 0,
    "updated": 0
  },
  {
    "id": "4ca288e4-1694-406f-a80e-890d5cf4c9e9",
    "data": [
      {
        "text": "enterprise account",
        "userDefined": false
      }
    ],
    "isTemplate": false,
    "count": 0,
    "updated": 0
  },
  {
    "id": "356c8eff-93be-4ac6-bcfe-f70fc75d5469",
    "data": [
      {
        "text": "business account",
        "userDefined": false
      }
    ],
    "isTemplate": false,
    "count": 0,
    "updated": 0
  },
  {
    "id": "26db87fd-54b6-4b8b-8790-5899882761ea",
    "data": [
      {
        "text": "small business banking",
        "userDefined": false
      }
    ],
    "isTemplate": false,
    "count": 0,
    "updated": 0
  },
  {
    "id": "1ad5d9f3-2b38-4443-80b8-233343a3e051",
    "data": [
      {
        "text": "business banking",
        "userDefined": false
      }
    ],
    "isTemplate": false,
    "count": 0,
    "updated": 0
  },
  {
    "id": "3ab08e84-3f89-49f2-9245-98b3abfa3de7",
    "data": [
      {
        "text": "small business account",
        "userDefined": false
      }
    ],
    "isTemplate": false,
    "count": 0,
    "updated": 0
  }
]