[
  {
    "id": "a88dde4b-cb52-4842-b5bd-56c1b8fab220",
    "data": [
      {
        "text": "Interac e-Transfer",
        "userDefined": false
      }
    ],
    "isTemplate": false,
    "count": 0,
    "updated": 0
  },
  {
    "id": "082d2caf-e85f-4a7f-a94e-9f15f439960f",
    "data": [
      {
        "text": "Can you tell me more about Interac?",
        "userDefined": false
      }
    ],
    "isTemplate": false,
    "count": 0,
    "updated": 0
  },
  {
    "id": "d57e680a-b537-4341-a4f4-4e0a9b2659af",
    "data": [
      {
        "text": "Can you tell me more about e-Transfer?",
        "userDefined": false
      }
    ],
    "isTemplate": false,
    "count": 0,
    "updated": 0
  },
  {
    "id": "21f907e1-89d6-4046-aa72-97e76d2c4c9c",
    "data": [
      {
        "text": "What is Interac e-Transfer?",
        "userDefined": false
      }
    ],
    "isTemplate": false,
    "count": 0,
    "updated": 0
  },
  {
    "id": "7a19facb-ff2d-46ae-90f6-7a0ec959761e",
    "data": [
      {
        "text": "e-Transfer",
        "userDefined": false
      }
    ],
    "isTemplate": false,
    "count": 0,
    "updated": 0
  }
]