[
  {
    "id": "ada8dd24-9b8a-4f03-9cc9-2b9bb6ad81dd",
    "data": [
      {
        "text": "Europe",
        "userDefined": false
      }
    ],
    "isTemplate": false,
    "count": 0,
    "updated": 0
  },
  {
    "id": "665e1394-a2c6-4b75-8061-a2d95707d982",
    "data": [
      {
        "text": "Open Savings account for Europe",
        "userDefined": false
      }
    ],
    "isTemplate": false,
    "count": 0,
    "updated": 0
  },
  {
    "id": "b8d20713-f774-444c-b950-38724039c109",
    "data": [
      {
        "text": "Learn about ",
        "userDefined": false
      },
      {
        "text": "Euro",
        "meta": "@sys.ignore",
        "userDefined": false
      },
      {
        "text": " Savings Account",
        "userDefined": false
      }
    ],
    "isTemplate": false,
    "count": 0,
    "updated": 0
  },
  {
    "id": "4416a403-1cda-4fc8-af78-5c3c935effac",
    "data": [
      {
        "text": "Tell me more about ",
        "userDefined": false
      },
      {
        "text": "Euro",
        "meta": "@sys.ignore",
        "userDefined": false
      },
      {
        "text": " Savings Account",
        "userDefined": false
      }
    ],
    "isTemplate": false,
    "count": 0,
    "updated": 0
  },
  {
    "id": "b42b244d-cafc-4c03-9c17-e2e37de3af66",
    "data": [
      {
        "text": "Tell me more about ",
        "userDefined": false
      },
      {
        "text": "Euro",
        "meta": "@sys.ignore",
        "userDefined": false
      },
      {
        "text": " High Rate Savings Account",
        "userDefined": false
      }
    ],
    "isTemplate": false,
    "count": 0,
    "updated": 0
  },
  {
    "id": "dd05834d-d23d-4092-9a89-c03098080d66",
    "data": [
      {
        "text": "I\u0027m interested in ",
        "userDefined": false
      },
      {
        "text": "Euro",
        "meta": "@sys.ignore",
        "userDefined": false
      },
      {
        "text": " High Rate Savings Account",
        "userDefined": false
      }
    ],
    "isTemplate": false,
    "count": 0,
    "updated": 0
  },
  {
    "id": "404617e7-5224-4568-8230-be2bab6a4c26",
    "data": [
      {
        "text": "travel in Europe",
        "userDefined": false
      }
    ],
    "isTemplate": false,
    "count": 0,
    "updated": 0
  },
  {
    "id": "3446f06f-5bcb-401b-9063-0c38fee8c83b",
    "data": [
      {
        "text": "Euro",
        "meta": "@sys.ignore",
        "userDefined": false
      },
      {
        "text": " High Rate Savings Account",
        "userDefined": false
      }
    ],
    "isTemplate": false,
    "count": 0,
    "updated": 0
  }
]