[
  {
    "id": "7bce145d-c939-47ee-a41a-0e9cc26d1934",
    "data": [
      {
        "text": "Where are the ATMs?",
        "userDefined": false
      }
    ],
    "isTemplate": false,
    "count": 0,
    "updated": 0
  },
  {
    "id": "936bbe3d-0bb3-4440-b67d-19711b0b5b0a",
    "data": [
      {
        "text": "where is the ATM located?",
        "userDefined": false
      }
    ],
    "isTemplate": false,
    "count": 0,
    "updated": 0
  },
  {
    "id": "ae4cfa99-4714-4acc-825a-d0c116f58d2b",
    "data": [
      {
        "text": "ATM location",
        "userDefined": false
      }
    ],
    "isTemplate": false,
    "count": 0,
    "updated": 0
  },
  {
    "id": "e926ca9c-7410-45cb-9a8c-52b0077a5cff",
    "data": [
      {
        "text": "locating the ATM",
        "userDefined": false
      }
    ],
    "isTemplate": false,
    "count": 0,
    "updated": 0
  },
  {
    "id": "5e70b992-082a-49ed-8925-1a8382336191",
    "data": [
      {
        "text": "Where can I find the ATM?",
        "userDefined": false
      }
    ],
    "isTemplate": false,
    "count": 0,
    "updated": 0
  },
  {
    "id": "5e964bf4-c357-47ea-9866-33aa1d06fbe4",
    "data": [
      {
        "text": "where is the ATM?",
        "userDefined": false
      }
    ],
    "isTemplate": false,
    "count": 1,
    "updated": 0
  },
  {
    "id": "8c9140a6-480f-4964-874c-564bd10c7ad7",
    "data": [
      {
        "text": "Where\u0027s the ATM located?",
        "userDefined": false
      }
    ],
    "isTemplate": false,
    "count": 0,
    "updated": 0
  },
  {
    "id": "5eb440d2-3b02-45ab-8dd2-ae63cccbf672",
    "data": [
      {
        "text": "do you know where it is?",
        "userDefined": false
      }
    ],
    "isTemplate": false,
    "count": 0,
    "updated": 0
  }
]