[
  {
    "id": "ed5fef2b-5b01-41ca-bdc2-a4d638c83b7c",
    "data": [
      {
        "text": "learn about Personal Line of Credit",
        "userDefined": false
      }
    ],
    "isTemplate": false,
    "count": 0,
    "updated": 0
  },
  {
    "id": "26aea924-ce75-4566-b6e0-d5c381b92161",
    "data": [
      {
        "text": "Personal Line of Credit",
        "userDefined": false
      }
    ],
    "isTemplate": false,
    "count": 0,
    "updated": 0
  },
  {
    "id": "3d1ded9c-4d84-4cd4-8f9a-a6b41ceb193f",
    "data": [
      {
        "text": "Tell me more about Personal Line of Credit",
        "userDefined": false
      }
    ],
    "isTemplate": false,
    "count": 0,
    "updated": 0
  },
  {
    "id": "29cf11f4-2682-4b92-a77b-74064eb807c8",
    "data": [
      {
        "text": "HSBC Personal Line of Credit",
        "userDefined": false
      }
    ],
    "isTemplate": false,
    "count": 0,
    "updated": 0
  }
]