[
  {
    "id": "98078ea3-afd7-44ba-99f3-346e10fe37f9",
    "data": [
      {
        "text": "Tell me about Premier Mastercard",
        "userDefined": false
      }
    ],
    "isTemplate": false,
    "count": 0,
    "updated": 0
  },
  {
    "id": "dc6591ee-4efa-4b99-a740-1e1997a6825a",
    "data": [
      {
        "text": "Premier Mastercard",
        "userDefined": false
      }
    ],
    "isTemplate": false,
    "count": 0,
    "updated": 0
  },
  {
    "id": "42647db5-292e-4bfe-bb2f-efa0dc5b5fc4",
    "data": [
      {
        "text": "I want to learn about Premier Mastercard",
        "userDefined": false
      }
    ],
    "isTemplate": false,
    "count": 0,
    "updated": 0
  },
  {
    "id": "c0af7beb-770c-43e3-ab84-3632986b5e92",
    "data": [
      {
        "text": "I want to learn about HSBC Premier Mastercard",
        "userDefined": false
      }
    ],
    "isTemplate": false,
    "count": 0,
    "updated": 0
  },
  {
    "id": "c46797b3-af3a-4e61-a36c-6840fe917295",
    "data": [
      {
        "text": "HSBC Premier Mastercard",
        "userDefined": false
      }
    ],
    "isTemplate": false,
    "count": 0,
    "updated": 0
  }
]