[
  {
    "id": "1fe2489d-eaad-42f3-847c-43c72a7ddcfc",
    "data": [
      {
        "text": "I want to learn more about Equity Power",
        "userDefined": false
      }
    ],
    "isTemplate": false,
    "count": 0,
    "updated": 0
  },
  {
    "id": "71bf5372-e214-4869-8826-e277b2bb85d4",
    "data": [
      {
        "text": "Tell me more about Equity Power",
        "userDefined": false
      }
    ],
    "isTemplate": false,
    "count": 0,
    "updated": 0
  },
  {
    "id": "3ef57d66-8466-4478-b4db-60463c8de4b0",
    "data": [
      {
        "text": "Equity Power",
        "userDefined": false
      }
    ],
    "isTemplate": false,
    "count": 0,
    "updated": 0
  },
  {
    "id": "33c5c7b6-ce35-46fd-b6f8-12704464a43f",
    "data": [
      {
        "text": "Equity Power Mortgage",
        "userDefined": false
      }
    ],
    "isTemplate": false,
    "count": 0,
    "updated": 0
  },
  {
    "id": "49d2188c-a5f4-4bec-a7a9-7a9e9139cd95",
    "data": [
      {
        "text": "Tell me more about  HSBC Equity Power Mortgage",
        "userDefined": false
      }
    ],
    "isTemplate": false,
    "count": 0,
    "updated": 0
  }
]