[
  {
    "id": "fc315845-9abe-43a8-b816-ed845c0f879a",
    "data": [
      {
        "text": "U.S ",
        "userDefined": false
      },
      {
        "text": "Dollar",
        "meta": "@sys.ignore",
        "userDefined": false
      }
    ],
    "isTemplate": false,
    "count": 1,
    "updated": 0
  },
  {
    "id": "3263f7b7-b3d4-45c0-ade8-8494ac7d02e3",
    "data": [
      {
        "text": "U.S Savings",
        "userDefined": false
      }
    ],
    "isTemplate": false,
    "count": 0,
    "updated": 0
  },
  {
    "id": "fa37d09a-a471-430c-92f3-bb882ca0f5af",
    "data": [
      {
        "text": "U.S Savings Account",
        "userDefined": false
      }
    ],
    "isTemplate": false,
    "count": 0,
    "updated": 0
  },
  {
    "id": "83c0ecf0-7eac-4354-9472-46d29084ab2e",
    "data": [
      {
        "text": "open U.S. Dollar Savings Account",
        "userDefined": false
      }
    ],
    "isTemplate": false,
    "count": 0,
    "updated": 0
  },
  {
    "id": "654ef0bb-ef26-4e99-83ae-56b10d2de479",
    "data": [
      {
        "text": "I want to travel to U.S.",
        "userDefined": false
      }
    ],
    "isTemplate": false,
    "count": 0,
    "updated": 0
  },
  {
    "id": "f4de7383-59ae-4b04-bc8e-5a79d1b03084",
    "data": [
      {
        "text": "Learn more about U.S. ",
        "userDefined": false
      },
      {
        "text": "Dollar",
        "meta": "@sys.ignore",
        "userDefined": false
      },
      {
        "text": " High Rate Savings Account",
        "userDefined": false
      }
    ],
    "isTemplate": false,
    "count": 0,
    "updated": 0
  },
  {
    "id": "2e0aed60-a594-4dd7-8ca0-d4e53e0df3fb",
    "data": [
      {
        "text": "Tell me about U.S. ",
        "userDefined": false
      },
      {
        "text": "Dollar",
        "meta": "@sys.ignore",
        "userDefined": false
      },
      {
        "text": " High Rate Savings Account",
        "userDefined": false
      }
    ],
    "isTemplate": false,
    "count": 0,
    "updated": 0
  },
  {
    "id": "6e40a0e2-7c05-4754-a905-d06bfc71f233",
    "data": [
      {
        "text": "I want to open a U.S. ",
        "userDefined": false
      },
      {
        "text": "Dollar",
        "meta": "@sys.ignore",
        "userDefined": false
      },
      {
        "text": " High Rate Savings Account",
        "userDefined": false
      }
    ],
    "isTemplate": false,
    "count": 0,
    "updated": 0
  },
  {
    "id": "ca5f354d-5927-4e34-9bbe-000e281c61ee",
    "data": [
      {
        "text": "U.S. Dollar High Rate Savings Account",
        "userDefined": false
      }
    ],
    "isTemplate": false,
    "count": 0,
    "updated": 0
  }
]