[
  {
    "id": "0d0d2fd0-cd4a-4088-829e-f0337ee3c432",
    "data": [
      {
        "text": "Tell me more about HSBC",
        "userDefined": false
      }
    ],
    "isTemplate": false,
    "count": 0,
    "updated": 0
  },
  {
    "id": "21414082-7c21-4b4a-9ba1-365b7f616d62",
    "data": [
      {
        "text": "Who is HSBC?",
        "userDefined": false
      }
    ],
    "isTemplate": false,
    "count": 0,
    "updated": 0
  },
  {
    "id": "53b53afe-3671-4b62-8733-30f6bf98e75b",
    "data": [
      {
        "text": "What is HSBC?",
        "userDefined": false
      }
    ],
    "isTemplate": false,
    "count": 0,
    "updated": 0
  }
]