[
  {
    "id": "b11f4a17-5169-46fd-8331-b6f17999a2f0",
    "data": [
      {
        "text": "How safe is internet banking?",
        "userDefined": false
      }
    ],
    "isTemplate": false,
    "count": 0,
    "updated": 0
  },
  {
    "id": "679308fd-30d6-478c-a118-0a389b3c2f68",
    "data": [
      {
        "text": "I am worried about security",
        "userDefined": false
      }
    ],
    "isTemplate": false,
    "count": 1,
    "updated": 0
  },
  {
    "id": "e5a95941-be16-4462-a666-c3ac64c21fd5",
    "data": [
      {
        "text": "Is internet banking safe?",
        "userDefined": false
      }
    ],
    "isTemplate": false,
    "count": 0,
    "updated": 0
  },
  {
    "id": "c04e0568-fd71-4125-9664-43e316aa94df",
    "data": [
      {
        "text": "How safe is internet?",
        "userDefined": false
      }
    ],
    "isTemplate": false,
    "count": 0,
    "updated": 0
  },
  {
    "id": "9cdfa932-3eab-418c-ba47-0449bda7a70e",
    "data": [
      {
        "text": "Is it safe to do banking on the internet?",
        "userDefined": false
      }
    ],
    "isTemplate": false,
    "count": 0,
    "updated": 0
  },
  {
    "id": "3bec9336-0b37-4093-9bd4-22d6281c2e35",
    "data": [
      {
        "text": "Internet Banking Safety",
        "userDefined": false
      }
    ],
    "isTemplate": false,
    "count": 0,
    "updated": 0
  },
  {
    "id": "32c32a7f-fe34-45c0-a8e5-e70ce82faf20",
    "data": [
      {
        "text": "How safe is HSBC on the Internet?",
        "userDefined": false
      }
    ],
    "isTemplate": false,
    "count": 0,
    "updated": 0
  },
  {
    "id": "b6372515-e76c-4727-950a-7e88e29e07cf",
    "data": [
      {
        "text": "How secure is internet banking?",
        "userDefined": false
      }
    ],
    "isTemplate": false,
    "count": 0,
    "updated": 0
  }
]