[
  {
    "id": "b95b0483-0886-47eb-b6e1-5fe5ab906c7d",
    "data": [
      {
        "text": "Come Back to FAQ",
        "userDefined": false
      }
    ],
    "isTemplate": false,
    "count": 0,
    "updated": 0
  },
  {
    "id": "e1cc02f7-9640-4daf-a52f-e8d4e03dd537",
    "data": [
      {
        "text": "Go Back to FAQ menu",
        "userDefined": false
      }
    ],
    "isTemplate": false,
    "count": 0,
    "updated": 0
  },
  {
    "id": "6caa28c4-a10f-4e52-a442-8f6a3aa4400c",
    "data": [
      {
        "text": "reset to FAQ",
        "userDefined": false
      }
    ],
    "isTemplate": false,
    "count": 0,
    "updated": 0
  }
]