[
  {
    "id": "abfd71e5-0732-41ec-a5d6-31d68e2d2139",
    "data": [
      {
        "text": "How to update my information online?",
        "userDefined": false
      }
    ],
    "isTemplate": false,
    "count": 0,
    "updated": 0
  },
  {
    "id": "37dbc494-7769-4b1a-bf39-b42429d45803",
    "data": [
      {
        "text": "How to update information online?",
        "userDefined": false
      }
    ],
    "isTemplate": false,
    "count": 0,
    "updated": 0
  },
  {
    "id": "8a3ef2ae-22d3-4f78-882b-e87a32eab147",
    "data": [
      {
        "text": "How to update my info?",
        "userDefined": false
      }
    ],
    "isTemplate": false,
    "count": 0,
    "updated": 0
  },
  {
    "id": "f20dcab6-5d11-4e43-aeaa-f4ec39490d52",
    "data": [
      {
        "text": "How to change my info on your website?",
        "userDefined": false
      }
    ],
    "isTemplate": false,
    "count": 0,
    "updated": 0
  },
  {
    "id": "f435bb52-5188-4b82-96d1-f83918b6c3fa",
    "data": [
      {
        "text": "I want to update my information online",
        "userDefined": false
      }
    ],
    "isTemplate": false,
    "count": 0,
    "updated": 0
  },
  {
    "id": "320a0136-7fbe-4354-906f-d3071939ef34",
    "data": [
      {
        "text": "Update Information Online",
        "userDefined": false
      }
    ],
    "isTemplate": false,
    "count": 0,
    "updated": 0
  },
  {
    "id": "4ea17e72-8b20-4220-902b-3bc5d61f7e08",
    "data": [
      {
        "text": "I want to update my info online",
        "userDefined": false
      }
    ],
    "isTemplate": false,
    "count": 0,
    "updated": 0
  },
  {
    "id": "23bd1ff6-1b12-4b1e-b64f-5cd5080faa2c",
    "data": [
      {
        "text": "I want to change my information",
        "userDefined": false
      }
    ],
    "isTemplate": false,
    "count": 0,
    "updated": 0
  }
]