[
  {
    "id": "b06fdc78-9417-4c80-804d-5635d89c65ec",
    "data": [
      {
        "text": "HSBC technologies",
        "userDefined": false
      }
    ],
    "isTemplate": false,
    "count": 0,
    "updated": 0
  },
  {
    "id": "95495406-0764-4ad8-bee3-309f2da675d4",
    "data": [
      {
        "text": "Online \u0026 mobile banking",
        "userDefined": false
      }
    ],
    "isTemplate": false,
    "count": 0,
    "updated": 0
  },
  {
    "id": "7414514a-5fa2-47a8-b883-2d07e1a38aab",
    "data": [
      {
        "text": "I want to learn more about Ways to Bank",
        "userDefined": false
      }
    ],
    "isTemplate": false,
    "count": 0,
    "updated": 0
  },
  {
    "id": "38007ac9-1c86-42ae-90e2-abc2433981b9",
    "data": [
      {
        "text": "Different ways to bank",
        "userDefined": false
      }
    ],
    "isTemplate": false,
    "count": 0,
    "updated": 0
  },
  {
    "id": "88905a8d-225c-43b3-bf1a-2a5ac7d56011",
    "data": [
      {
        "text": "Ways to bank",
        "userDefined": false
      }
    ],
    "isTemplate": false,
    "count": 0,
    "updated": 0
  }
]