[
  {
    "id": "1fcaa032-fe77-44c4-8f7d-92596a3e9359",
    "data": [
      {
        "text": "What are the opening hours?",
        "userDefined": false
      }
    ],
    "isTemplate": false,
    "count": 0,
    "updated": 0
  },
  {
    "id": "e5e98763-7189-4867-9907-fe464f6f6734",
    "data": [
      {
        "text": "When do you open?",
        "userDefined": false
      }
    ],
    "isTemplate": false,
    "count": 0,
    "updated": 0
  },
  {
    "id": "95967d67-aefe-4ae4-be76-6b88e40e855b",
    "data": [
      {
        "text": "What time does this place open?",
        "userDefined": false
      }
    ],
    "isTemplate": false,
    "count": 0,
    "updated": 0
  },
  {
    "id": "d59f54fa-56fa-4374-ae5f-ddba6d9f84ed",
    "data": [
      {
        "text": "What time does this place close?",
        "userDefined": false
      }
    ],
    "isTemplate": false,
    "count": 0,
    "updated": 0
  },
  {
    "id": "784e4dfb-95ff-49eb-a28a-1895742daf8e",
    "data": [
      {
        "text": "What are the branch hours?",
        "userDefined": false
      }
    ],
    "isTemplate": false,
    "count": 0,
    "updated": 0
  },
  {
    "id": "087b89fc-eb30-4396-8799-64c35d0a58cb",
    "data": [
      {
        "text": "When do you close?",
        "userDefined": false
      }
    ],
    "isTemplate": false,
    "count": 0,
    "updated": 0
  },
  {
    "id": "e8e20b30-8bf7-48ee-8659-f18bd052e675",
    "data": [
      {
        "text": "Do you open ",
        "userDefined": false
      },
      {
        "text": "tomorrow",
        "alias": "date",
        "meta": "@sys.date",
        "userDefined": false
      },
      {
        "text": "?",
        "userDefined": false
      }
    ],
    "isTemplate": false,
    "count": 0,
    "updated": 0
  },
  {
    "id": "a497040c-742f-4ed5-9a1a-fc1849365889",
    "data": [
      {
        "text": "What time do you close?",
        "userDefined": false
      }
    ],
    "isTemplate": false,
    "count": 0,
    "updated": 0
  },
  {
    "id": "118906d7-329b-46d1-8703-8ac2ac612d81",
    "data": [
      {
        "text": "What time do you open?",
        "userDefined": false
      }
    ],
    "isTemplate": false,
    "count": 0,
    "updated": 0
  }
]