[
  {
    "id": "c5ad47af-169d-4788-bdfd-39ea15fa9ff8",
    "data": [
      {
        "text": "What are the Line of Credit",
        "userDefined": false
      }
    ],
    "isTemplate": false,
    "count": 0,
    "updated": 0
  },
  {
    "id": "38e12784-3257-4a9e-b185-0fbbfed9cf11",
    "data": [
      {
        "text": "I want to learn more about the different Line of Credit",
        "userDefined": false
      }
    ],
    "isTemplate": false,
    "count": 0,
    "updated": 0
  },
  {
    "id": "86dce669-0816-4f34-a3e5-b60b252ac884",
    "data": [
      {
        "text": "Tell me more about the Line of Credit",
        "userDefined": false
      }
    ],
    "isTemplate": false,
    "count": 0,
    "updated": 0
  },
  {
    "id": "f7503dea-825f-47cf-9372-adca0ec8e765",
    "data": [
      {
        "text": "Line of Credit",
        "userDefined": false
      }
    ],
    "isTemplate": false,
    "count": 0,
    "updated": 0
  },
  {
    "id": "703ae0fc-2562-4db6-9ff2-5d7738ad5932",
    "data": [
      {
        "text": "Lines of Credit \u0026 Overdraft",
        "userDefined": false
      }
    ],
    "isTemplate": false,
    "count": 0,
    "updated": 0
  }
]