[
  {
    "id": "aa10357a-bc2a-44e9-aae1-f99fd5e16e7f",
    "data": [
      {
        "text": "Tell me about Mutual funds",
        "userDefined": false
      }
    ],
    "isTemplate": false,
    "count": 0,
    "updated": 0
  },
  {
    "id": "badc206c-0213-4fc0-98dc-3231e19cd1aa",
    "data": [
      {
        "text": "Mutual funds",
        "userDefined": false
      }
    ],
    "isTemplate": false,
    "count": 0,
    "updated": 0
  },
  {
    "id": "23ebc00a-5af5-479b-849a-e590cdacced9",
    "data": [
      {
        "text": "Tell me about G I C",
        "userDefined": false
      }
    ],
    "isTemplate": false,
    "count": 0,
    "updated": 0
  },
  {
    "id": "43258e0a-8e0a-4b38-97ba-a475329c5aef",
    "data": [
      {
        "text": "Tell me about GIC",
        "userDefined": false
      }
    ],
    "isTemplate": false,
    "count": 0,
    "updated": 0
  },
  {
    "id": "f3661b04-7535-480f-b75b-d3f87986d857",
    "data": [
      {
        "text": "What is G I C?",
        "userDefined": false
      }
    ],
    "isTemplate": false,
    "count": 0,
    "updated": 0
  },
  {
    "id": "09d92246-4d7f-4c82-abb2-37aee810a677",
    "data": [
      {
        "text": "What is GIC?",
        "userDefined": false
      }
    ],
    "isTemplate": false,
    "count": 0,
    "updated": 0
  },
  {
    "id": "ee74d861-4069-49db-8a5f-914108e3f499",
    "data": [
      {
        "text": "G I C",
        "userDefined": false
      }
    ],
    "isTemplate": false,
    "count": 0,
    "updated": 0
  },
  {
    "id": "3f2d6bec-0e35-4454-ac9c-adb9caac1847",
    "data": [
      {
        "text": "GIC",
        "userDefined": false
      }
    ],
    "isTemplate": false,
    "count": 0,
    "updated": 0
  },
  {
    "id": "94303068-e47b-43c5-b01c-51b1a39468da",
    "data": [
      {
        "text": "Tell me about Investment Solutions and Services",
        "userDefined": false
      }
    ],
    "isTemplate": false,
    "count": 0,
    "updated": 0
  },
  {
    "id": "7df75cd2-2889-451b-8cf3-ed82ac0b1371",
    "data": [
      {
        "text": "Learn more about Investment Solutions and Services",
        "userDefined": false
      }
    ],
    "isTemplate": false,
    "count": 0,
    "updated": 0
  },
  {
    "id": "51d4a9fe-dd93-47f9-a8cd-dee875cd8c19",
    "data": [
      {
        "text": "Investment Solutions and Services",
        "userDefined": false
      }
    ],
    "isTemplate": false,
    "count": 0,
    "updated": 0
  }
]