[
  {
    "id": "bb54a65a-190d-4467-953b-752c5fe84f29",
    "data": [
      {
        "text": "What should I do if my card is lost or stolen?",
        "userDefined": false
      }
    ],
    "isTemplate": false,
    "count": 0,
    "updated": 0
  },
  {
    "id": "6994b18b-2433-4045-a4bf-21a716f873a7",
    "data": [
      {
        "text": "lost debit card",
        "userDefined": false
      }
    ],
    "isTemplate": false,
    "count": 1,
    "updated": 0
  },
  {
    "id": "9b7aedc4-df57-4436-a08d-6bd95de4c2e6",
    "data": [
      {
        "text": "I lost my credit card",
        "userDefined": false
      }
    ],
    "isTemplate": false,
    "count": 0,
    "updated": 0
  },
  {
    "id": "89595e63-7ca4-41a1-9c1e-6e5654d2d08a",
    "data": [
      {
        "text": "I lost my debit card",
        "userDefined": false
      }
    ],
    "isTemplate": false,
    "count": 0,
    "updated": 0
  },
  {
    "id": "aa0315ba-d377-4720-ae1c-da7841606fe0",
    "data": [
      {
        "text": "My debit card is stolen",
        "userDefined": false
      }
    ],
    "isTemplate": false,
    "count": 0,
    "updated": 0
  },
  {
    "id": "09e511a1-af5b-4abb-9ceb-285f09735e59",
    "data": [
      {
        "text": "Stolen debit card",
        "userDefined": false
      }
    ],
    "isTemplate": false,
    "count": 0,
    "updated": 0
  },
  {
    "id": "b33d32d1-66e9-4143-be47-d9f8d69ec46b",
    "data": [
      {
        "text": "My credit card is stolen",
        "userDefined": false
      }
    ],
    "isTemplate": false,
    "count": 0,
    "updated": 0
  }
]