[
  {
    "id": "7aedd11d-f59a-43f0-8152-518b2f0b2353",
    "data": [
      {
        "text": "Championship",
        "userDefined": false
      }
    ],
    "isTemplate": false,
    "count": 0,
    "updated": 0
  },
  {
    "id": "39d611e5-cdc5-4b35-b415-6ccbe7210bf7",
    "data": [
      {
        "text": "Toronto Sports",
        "userDefined": false
      }
    ],
    "isTemplate": false,
    "count": 0,
    "updated": 0
  },
  {
    "id": "db447e95-fdb2-4479-96f0-b83beea9c1df",
    "data": [
      {
        "text": "Which Toronto Sports Team won a ",
        "userDefined": false
      },
      {
        "text": "major",
        "meta": "@sys.ignore",
        "userDefined": false
      },
      {
        "text": " championship ",
        "userDefined": false
      },
      {
        "text": "this year",
        "meta": "@sys.ignore",
        "userDefined": false
      },
      {
        "text": "?",
        "userDefined": false
      }
    ],
    "isTemplate": false,
    "count": 0,
    "updated": 0
  }
]