[
  {
    "id": "e4af5163-dbcf-42d8-82c3-61e267974291",
    "data": [
      {
        "text": "go for it",
        "userDefined": false
      }
    ],
    "isTemplate": false,
    "count": 0,
    "updated": 0
  },
  {
    "id": "987813a6-d817-4fb8-ab00-854398a9ab23",
    "data": [
      {
        "text": "again",
        "userDefined": false
      }
    ],
    "isTemplate": false,
    "count": 0,
    "updated": 0
  },
  {
    "id": "41726190-271d-4d72-80ae-63fbc9984e77",
    "data": [
      {
        "text": "let\u0027s dance",
        "userDefined": false
      }
    ],
    "isTemplate": false,
    "count": 0,
    "updated": 0
  },
  {
    "id": "566af613-1be6-490b-9ff2-0fe3dafaf1e6",
    "data": [
      {
        "text": "ok",
        "userDefined": false
      }
    ],
    "isTemplate": false,
    "count": 0,
    "updated": 0
  },
  {
    "id": "995ca9e9-9a97-409e-a0d9-d4dc7184824e",
    "data": [
      {
        "text": "of course",
        "userDefined": false
      }
    ],
    "isTemplate": false,
    "count": 0,
    "updated": 0
  },
  {
    "id": "0b81a42c-e298-475d-b7e6-c94d7cde04af",
    "data": [
      {
        "text": "why not",
        "userDefined": false
      }
    ],
    "isTemplate": false,
    "count": 0,
    "updated": 0
  },
  {
    "id": "54afcdc3-40d1-4a61-a914-f873e37cb665",
    "data": [
      {
        "text": "sure",
        "userDefined": false
      }
    ],
    "isTemplate": false,
    "count": 0,
    "updated": 0
  },
  {
    "id": "17f0e4c3-0f0b-421a-84c2-d0a6b25ef6a8",
    "data": [
      {
        "text": "go ahead",
        "userDefined": false
      }
    ],
    "isTemplate": false,
    "count": 0,
    "updated": 0
  },
  {
    "id": "142a246a-5294-43b6-a717-5f09e64607eb",
    "data": [
      {
        "text": "maybe",
        "userDefined": false
      }
    ],
    "isTemplate": false,
    "count": 0,
    "updated": 0
  },
  {
    "id": "9bee554e-d61c-4d39-b490-c03cd2b3356d",
    "data": [
      {
        "text": "dance",
        "userDefined": false
      }
    ],
    "isTemplate": false,
    "count": 0,
    "updated": 0
  },
  {
    "id": "aa521966-eb43-4c95-bf65-bdee00851971",
    "data": [
      {
        "text": "ya",
        "userDefined": false
      }
    ],
    "isTemplate": false,
    "count": 0,
    "updated": 0
  },
  {
    "id": "7c349784-40bf-4f12-9f6d-66d7c0a93d64",
    "data": [
      {
        "text": "another",
        "userDefined": false
      }
    ],
    "isTemplate": false,
    "count": 0,
    "updated": 0
  },
  {
    "id": "5d58778f-9337-4bc1-b218-a871833d1bbd",
    "data": [
      {
        "text": "dance again",
        "userDefined": false
      }
    ],
    "isTemplate": false,
    "count": 0,
    "updated": 0
  },
  {
    "id": "1beac131-255e-47f0-a3a1-3b2fd8e80d14",
    "data": [
      {
        "text": "yeah",
        "userDefined": false
      }
    ],
    "isTemplate": false,
    "count": 0,
    "updated": 0
  },
  {
    "id": "b908872c-3e1e-458a-bcb9-31e740408c44",
    "data": [
      {
        "text": "yay",
        "userDefined": false
      }
    ],
    "isTemplate": false,
    "count": 0,
    "updated": 0
  },
  {
    "id": "ffa6b30b-4c35-4813-a54a-e67188f3fd9b",
    "data": [
      {
        "text": "yes",
        "userDefined": false
      }
    ],
    "isTemplate": false,
    "count": 0,
    "updated": 0
  },
  {
    "id": "24520fa3-6a1c-4b3b-ab6e-b3ae9a04ed08",
    "data": [
      {
        "text": "another dance",
        "userDefined": false
      }
    ],
    "isTemplate": false,
    "count": 0,
    "updated": 0
  },
  {
    "id": "7ec862c3-131c-4d1d-89ad-98759c85ab33",
    "data": [
      {
        "text": "one more",
        "userDefined": false
      }
    ],
    "isTemplate": false,
    "count": 0,
    "updated": 0
  },
  {
    "id": "8043e770-600b-493d-8641-0ee439ab3dad",
    "data": [
      {
        "text": "go on then",
        "userDefined": false
      }
    ],
    "isTemplate": false,
    "count": 0,
    "updated": 0
  },
  {
    "id": "715dd0c7-9990-4b81-bfdc-6389d896bd1f",
    "data": [
      {
        "text": "yep",
        "userDefined": false
      }
    ],
    "isTemplate": false,
    "count": 0,
    "updated": 0
  },
  {
    "id": "2d8dbd67-092c-4355-8d95-35bc60359bde",
    "data": [
      {
        "text": "i don\u0027t mind",
        "userDefined": false
      }
    ],
    "isTemplate": false,
    "count": 0,
    "updated": 0
  },
  {
    "id": "7635e6e5-1129-4cf4-a0f8-ca99a7eb6bc5",
    "data": [
      {
        "text": "more",
        "userDefined": false
      }
    ],
    "isTemplate": false,
    "count": 0,
    "updated": 0
  }
]