[
  {
    "id": "f1b27318-f704-4166-8c17-c808fbf83261",
    "data": [
      {
        "text": "How do I sign up for online banking?",
        "userDefined": false
      }
    ],
    "isTemplate": false,
    "count": 0,
    "updated": 0
  },
  {
    "id": "4abf70a8-3f9a-481b-a543-3d7fc2426efe",
    "data": [
      {
        "text": "Sign up",
        "userDefined": false
      }
    ],
    "isTemplate": false,
    "count": 1,
    "updated": 0
  },
  {
    "id": "417f41e0-19e8-4980-b869-212ef9f1ec95",
    "data": [
      {
        "text": "I want to learn more about internet banking.",
        "userDefined": false
      }
    ],
    "isTemplate": false,
    "count": 0,
    "updated": 0
  },
  {
    "id": "73d46f69-92fc-41ab-a960-15507014718e",
    "data": [
      {
        "text": "Register",
        "userDefined": false
      }
    ],
    "isTemplate": false,
    "count": 0,
    "updated": 0
  },
  {
    "id": "fe9828d2-67cd-4e53-84df-e1c3251a9d39",
    "data": [
      {
        "text": "How can I do internet banking?",
        "userDefined": false
      }
    ],
    "isTemplate": false,
    "count": 0,
    "updated": 0
  },
  {
    "id": "e584ee60-494c-420c-a2f2-bdd31c4f2a21",
    "data": [
      {
        "text": "how do i sign up online?",
        "userDefined": false
      }
    ],
    "isTemplate": false,
    "count": 0,
    "updated": 0
  },
  {
    "id": "aea92962-f354-45ad-9b9d-c1e3bb732612",
    "data": [
      {
        "text": "How to get internet banking?",
        "userDefined": false
      }
    ],
    "isTemplate": false,
    "count": 0,
    "updated": 0
  },
  {
    "id": "037bce40-cb4b-4a2c-a166-abe6e51ae602",
    "data": [
      {
        "text": "what do i need to do online banking?",
        "userDefined": false
      }
    ],
    "isTemplate": false,
    "count": 0,
    "updated": 0
  },
  {
    "id": "88c0edc6-63ff-4a47-b222-f3ae1eb3e38e",
    "data": [
      {
        "text": "How do I register for internet banking?",
        "userDefined": false
      }
    ],
    "isTemplate": false,
    "count": 0,
    "updated": 0
  },
  {
    "id": "7d770d70-1c8d-4643-9910-15c0fe5d2cfe",
    "data": [
      {
        "text": "how do I start online banking?",
        "userDefined": false
      }
    ],
    "isTemplate": false,
    "count": 0,
    "updated": 0
  },
  {
    "id": "813d20c1-b4e0-4a2b-a1f6-97b9a41cdd91",
    "data": [
      {
        "text": "start internet banking",
        "userDefined": false
      }
    ],
    "isTemplate": false,
    "count": 0,
    "updated": 0
  },
  {
    "id": "395c64ac-007a-4ff1-9b92-45ce197d9bed",
    "data": [
      {
        "text": "How to start internet banking?",
        "userDefined": false
      }
    ],
    "isTemplate": false,
    "count": 0,
    "updated": 0
  }
]