[
  {
    "id": "ced2c7b0-71b7-4976-b9a1-8cc8a4b9c2e1",
    "data": [
      {
        "text": "Branch Banking",
        "userDefined": false
      }
    ],
    "isTemplate": false,
    "count": 0,
    "updated": 0
  },
  {
    "id": "6c6fed0c-a8e9-4e32-915b-2628be362ae1",
    "data": [
      {
        "text": "Tell me more about the local branch",
        "userDefined": false
      }
    ],
    "isTemplate": false,
    "count": 0,
    "updated": 0
  },
  {
    "id": "4974e201-eda6-43c6-a6f1-67b4219ddd8f",
    "data": [
      {
        "text": "local branch",
        "userDefined": false
      }
    ],
    "isTemplate": false,
    "count": 0,
    "updated": 0
  },
  {
    "id": "7146e823-0f70-4a89-82f2-cb34050055cc",
    "data": [
      {
        "text": "Branch",
        "userDefined": false
      }
    ],
    "isTemplate": false,
    "count": 0,
    "updated": 0
  }
]