[
  {
    "id": "872f1d0f-2b15-49de-8074-7c9d2511d495",
    "data": [
      {
        "text": "Richest reward credit card",
        "userDefined": false
      }
    ],
    "isTemplate": false,
    "count": 0,
    "updated": 0
  },
  {
    "id": "d18faaf9-62d1-4036-ac1d-44393c4fd59e",
    "data": [
      {
        "text": "Richest Reward mastercard",
        "userDefined": false
      }
    ],
    "isTemplate": false,
    "count": 0,
    "updated": 0
  },
  {
    "id": "498093d9-0830-47e4-a958-41abc36c327f",
    "data": [
      {
        "text": "HSBC ",
        "userDefined": false
      },
      {
        "text": "World Elite Mastercard",
        "meta": "@sys.ignore",
        "userDefined": false
      }
    ],
    "isTemplate": false,
    "count": 0,
    "updated": 0
  },
  {
    "id": "8528254f-41b9-4f13-b65d-9abd76797f4c",
    "data": [
      {
        "text": "I want to apply for ",
        "userDefined": false
      },
      {
        "text": "World Elite Mastercard",
        "meta": "@sys.ignore",
        "userDefined": true
      }
    ],
    "isTemplate": false,
    "count": 0,
    "updated": 0
  },
  {
    "id": "9fb5f805-7d28-45d3-a404-ec2534438f4b",
    "data": [
      {
        "text": "What is your finest credit card?",
        "userDefined": false
      }
    ],
    "isTemplate": false,
    "count": 0,
    "updated": 0
  },
  {
    "id": "ffd3916c-dba0-49b0-9cbb-2e7055f013d5",
    "data": [
      {
        "text": "I want the elite card",
        "userDefined": false
      }
    ],
    "isTemplate": false,
    "count": 0,
    "updated": 0
  },
  {
    "id": "6513a045-4400-4428-9565-70f8f90fde0d",
    "data": [
      {
        "text": "World Elite Mastercard",
        "meta": "@sys.ignore",
        "userDefined": true
      }
    ],
    "isTemplate": false,
    "count": 0,
    "updated": 0
  },
  {
    "id": "54cc1e60-16e2-4b32-81d9-2236f251b3cc",
    "data": [
      {
        "text": "How can I get the World Elite card?",
        "userDefined": false
      }
    ],
    "isTemplate": false,
    "count": 0,
    "updated": 0
  },
  {
    "id": "f8084118-2974-4192-a862-738318bad27d",
    "data": [
      {
        "text": "World Elite credit card",
        "userDefined": false
      }
    ],
    "isTemplate": false,
    "count": 0,
    "updated": 0
  }
]