[
  {
    "id": "fa5924de-4af8-4df8-88c2-35bd101ef1a4",
    "data": [
      {
        "text": "I want to exchange money",
        "userDefined": false
      }
    ],
    "isTemplate": false,
    "count": 0,
    "updated": 0
  },
  {
    "id": "dee80a2d-717c-43e9-ac24-aac7e102b56c",
    "data": [
      {
        "text": "foreign currency",
        "userDefined": false
      }
    ],
    "isTemplate": false,
    "count": 0,
    "updated": 0
  },
  {
    "id": "493f9d7d-5e94-463a-b0fc-571e91d922af",
    "data": [
      {
        "text": "Can I buy ",
        "userDefined": false
      },
      {
        "text": "euros",
        "meta": "@sys.ignore",
        "userDefined": false
      },
      {
        "text": "?",
        "userDefined": false
      }
    ],
    "isTemplate": false,
    "count": 0,
    "updated": 0
  },
  {
    "id": "98786709-73d1-405f-bb37-67f5b576cd07",
    "data": [
      {
        "text": "Can I buy ",
        "userDefined": false
      },
      {
        "text": "Hong Kong dollars",
        "meta": "@sys.ignore",
        "userDefined": false
      },
      {
        "text": "?",
        "userDefined": false
      }
    ],
    "isTemplate": false,
    "count": 0,
    "updated": 0
  },
  {
    "id": "06ea3d11-ff11-4949-919b-d5c07536188e",
    "data": [
      {
        "text": "How do I order foreign currency?",
        "userDefined": false
      }
    ],
    "isTemplate": false,
    "count": 0,
    "updated": 0
  },
  {
    "id": "29874081-28f0-4924-b8d1-a924aee5cc0b",
    "data": [
      {
        "text": "I want to buy ",
        "userDefined": false
      },
      {
        "text": "dollars",
        "meta": "@sys.ignore",
        "userDefined": false
      }
    ],
    "isTemplate": false,
    "count": 0,
    "updated": 0
  },
  {
    "id": "6f3564d9-21b2-4da4-8044-ad1eb41b1009",
    "data": [
      {
        "text": "Can I buy ",
        "userDefined": false
      },
      {
        "text": "yuan",
        "meta": "@sys.ignore",
        "userDefined": true
      },
      {
        "text": "?",
        "userDefined": false
      }
    ],
    "isTemplate": false,
    "count": 0,
    "updated": 0
  },
  {
    "id": "59d16b92-01dd-4ed3-a97f-b99b8445f743",
    "data": [
      {
        "text": "How can I exchange my U.S. ",
        "userDefined": false
      },
      {
        "text": "dollars",
        "meta": "@sys.ignore",
        "userDefined": true
      },
      {
        "text": " for foreign currency?",
        "userDefined": false
      }
    ],
    "isTemplate": false,
    "count": 0,
    "updated": 0
  }
]