[
  {
    "id": "7c239cf4-972a-457e-92a0-6383c7e029bb",
    "data": [
      {
        "text": "Tell me about borrowing",
        "userDefined": false
      }
    ],
    "isTemplate": false,
    "count": 0,
    "updated": 0
  },
  {
    "id": "de63288f-9c9b-4200-b986-3af224fd05f3",
    "data": [
      {
        "text": "I want to borrow",
        "userDefined": false
      }
    ],
    "isTemplate": false,
    "count": 0,
    "updated": 0
  },
  {
    "id": "27aa2161-e114-4e01-8fa2-5cc3470f6970",
    "data": [
      {
        "text": "I\u0027m interested in borrowing",
        "userDefined": false
      }
    ],
    "isTemplate": false,
    "count": 0,
    "updated": 0
  },
  {
    "id": "bc38e5d4-9323-4c4a-9254-6e23d0578b73",
    "data": [
      {
        "text": "Borrowing",
        "userDefined": false
      }
    ],
    "isTemplate": false,
    "count": 0,
    "updated": 0
  },
  {
    "id": "01448858-eaaa-4fd8-b360-35357744e429",
    "data": [
      {
        "text": "buy a condo",
        "userDefined": false
      }
    ],
    "isTemplate": false,
    "count": 0,
    "updated": 0
  },
  {
    "id": "c21547c3-42af-4648-bd31-6c04bb5b0a8b",
    "data": [
      {
        "text": "I want to buy a house",
        "userDefined": false
      }
    ],
    "isTemplate": false,
    "count": 0,
    "updated": 0
  },
  {
    "id": "f9e82c50-0734-46c9-a7eb-c0824c75135f",
    "data": [
      {
        "text": "I am buying a home",
        "userDefined": false
      }
    ],
    "isTemplate": false,
    "count": 0,
    "updated": 0
  },
  {
    "id": "2a6aa847-937d-4441-bc33-912ebfb50580",
    "data": [
      {
        "text": "i want to buy an apartment",
        "userDefined": false
      }
    ],
    "isTemplate": false,
    "count": 0,
    "updated": 0
  }
]