[
  {
    "id": "bb48487e-e185-4339-bc3e-ae7594b3c017",
    "data": [
      {
        "text": "Is phone banking secure?",
        "userDefined": false
      }
    ],
    "isTemplate": false,
    "count": 0,
    "updated": 0
  },
  {
    "id": "99866143-9d76-4bd2-b8d5-44a218459906",
    "data": [
      {
        "text": "android security",
        "userDefined": false
      }
    ],
    "isTemplate": false,
    "count": 0,
    "updated": 0
  },
  {
    "id": "a94cea2b-9b8e-4c91-a3fa-533c5ad67fa5",
    "data": [
      {
        "text": "how safe is it to use my phone for banking",
        "userDefined": false
      }
    ],
    "isTemplate": false,
    "count": 0,
    "updated": 0
  },
  {
    "id": "ef6029e9-4807-4f7e-8654-23af9a7499de",
    "data": [
      {
        "text": "phone security",
        "userDefined": false
      }
    ],
    "isTemplate": false,
    "count": 0,
    "updated": 0
  },
  {
    "id": "f27a5b86-3f28-4ff8-9749-33a833cebb11",
    "data": [
      {
        "text": "iphone security",
        "userDefined": false
      }
    ],
    "isTemplate": false,
    "count": 0,
    "updated": 0
  },
  {
    "id": "7a27279e-f6eb-411c-8527-44d322956302",
    "data": [
      {
        "text": "phone banking safety",
        "userDefined": false
      }
    ],
    "isTemplate": false,
    "count": 0,
    "updated": 0
  },
  {
    "id": "4896a444-cbbc-4f79-a102-b231f1dd3d6f",
    "data": [
      {
        "text": "Mobile App Security",
        "userDefined": false
      }
    ],
    "isTemplate": false,
    "count": 0,
    "updated": 0
  },
  {
    "id": "073f50ce-8828-45df-ba97-362b6a64b027",
    "data": [
      {
        "text": "i\u0027m worried about security while using my phone",
        "userDefined": false
      }
    ],
    "isTemplate": false,
    "count": 0,
    "updated": 0
  }
]