[
  {
    "id": "d92071e9-e1f3-4131-ad45-4ae20d8e44d8",
    "data": [
      {
        "text": "International",
        "userDefined": false
      }
    ],
    "isTemplate": false,
    "count": 0,
    "updated": 0
  },
  {
    "id": "c6e0b33f-28bd-4f8a-b735-e8ae822a032d",
    "data": [
      {
        "text": "international banking",
        "userDefined": false
      }
    ],
    "isTemplate": false,
    "count": 0,
    "updated": 0
  },
  {
    "id": "a4645e4f-0da0-4de8-bf39-43f3f1c4e19b",
    "data": [
      {
        "text": "international account",
        "userDefined": false
      }
    ],
    "isTemplate": false,
    "count": 0,
    "updated": 0
  },
  {
    "id": "35c55b36-c3cb-4b70-8e26-3160acb997b2",
    "data": [
      {
        "text": "overseas account",
        "userDefined": false
      }
    ],
    "isTemplate": false,
    "count": 0,
    "updated": 0
  },
  {
    "id": "6f033f26-e568-4039-8a53-f71f18d8776f",
    "data": [
      {
        "text": "international transfers",
        "userDefined": false
      }
    ],
    "isTemplate": false,
    "count": 0,
    "updated": 0
  },
  {
    "id": "8e312d93-7e0d-474e-82df-2db3a5fac2c6",
    "data": [
      {
        "text": "foreign account",
        "userDefined": false
      }
    ],
    "isTemplate": false,
    "count": 0,
    "updated": 0
  },
  {
    "id": "ef79a087-4e0b-4ec3-ace4-2fdb59b6fab4",
    "data": [
      {
        "text": "global banking",
        "userDefined": false
      }
    ],
    "isTemplate": false,
    "count": 0,
    "updated": 0
  },
  {
    "id": "66158a8f-2e0b-4b32-9e1c-ecf3214c190e",
    "data": [
      {
        "text": "Foreign bank account",
        "userDefined": false
      }
    ],
    "isTemplate": false,
    "count": 0,
    "updated": 0
  }
]