[
  {
    "id": "385b4e3b-77e0-4aa7-a766-5ec8246ec774",
    "data": [
      {
        "text": "I want to transfer money between my accounts",
        "userDefined": false
      }
    ],
    "isTemplate": false,
    "count": 1,
    "updated": 0
  },
  {
    "id": "252bc457-a451-4a4a-87d3-7a0e277f0f5c",
    "data": [
      {
        "text": "Account Transfer",
        "userDefined": false
      }
    ],
    "isTemplate": false,
    "count": 0,
    "updated": 0
  },
  {
    "id": "232dad61-9692-49b7-a6e7-f26ff7ac437b",
    "data": [
      {
        "text": "account to account transfer",
        "userDefined": false
      }
    ],
    "isTemplate": false,
    "count": 0,
    "updated": 0
  },
  {
    "id": "12543e5b-6b97-4778-89af-1ccd9ea0856b",
    "data": [
      {
        "text": "transfer within bank",
        "userDefined": false
      }
    ],
    "isTemplate": false,
    "count": 1,
    "updated": 0
  }
]