[
  {
    "id": "c8d2c2f7-c237-469a-8b8b-cf2ceef3a867",
    "data": [
      {
        "text": "Learn more about Overdraft Protection",
        "userDefined": false
      }
    ],
    "isTemplate": false,
    "count": 0,
    "updated": 0
  },
  {
    "id": "787398e0-8231-4619-ab62-8e7be5307a77",
    "data": [
      {
        "text": "Tell me more about Overdraft Protection",
        "userDefined": false
      }
    ],
    "isTemplate": false,
    "count": 0,
    "updated": 0
  },
  {
    "id": "0524ca4b-4746-429f-ab1a-86cbfe3aa8a3",
    "data": [
      {
        "text": "Overdraft Protection",
        "userDefined": false
      }
    ],
    "isTemplate": false,
    "count": 0,
    "updated": 0
  }
]