[
  {
    "id": "f5856ad6-c8f5-4c03-a087-2f098349a174",
    "data": [
      {
        "text": "Questions about Digital Banking",
        "userDefined": false
      }
    ],
    "isTemplate": false,
    "count": 0,
    "updated": 0
  },
  {
    "id": "3e478a7b-5cc5-4627-91ce-41a82eba8d8c",
    "data": [
      {
        "text": "Digital Banking",
        "userDefined": false
      }
    ],
    "isTemplate": false,
    "count": 0,
    "updated": 0
  },
  {
    "id": "bf953d4b-37f9-498d-a85f-387cff8db06d",
    "data": [
      {
        "text": "Questions about technologies",
        "userDefined": false
      }
    ],
    "isTemplate": false,
    "count": 0,
    "updated": 0
  },
  {
    "id": "f9cdb8bb-ef6e-4ff6-8d98-e8555cac2dca",
    "data": [
      {
        "text": "I have questions about Banking Technologies",
        "userDefined": false
      }
    ],
    "isTemplate": false,
    "count": 0,
    "updated": 0
  },
  {
    "id": "6a6e5609-ed9e-4308-9bfa-a507b4035c07",
    "data": [
      {
        "text": "Banking Technologies",
        "userDefined": false
      }
    ],
    "isTemplate": false,
    "count": 0,
    "updated": 0
  }
]