[
  {
    "id": "08dd4e23-ea11-41a0-bdc6-0b8c1c1b33cc",
    "data": [
      {
        "text": "email message",
        "userDefined": false
      }
    ],
    "isTemplate": false,
    "count": 0,
    "updated": 0
  },
  {
    "id": "a1fb4e07-7d6d-45b7-88ce-e5551695ac26",
    "data": [
      {
        "text": "Email me the link",
        "userDefined": false
      }
    ],
    "isTemplate": false,
    "count": 0,
    "updated": 0
  },
  {
    "id": "0ee5cc5a-fc95-4c97-8ac9-e3f37b5c5106",
    "data": [
      {
        "text": "I want you to email the link",
        "userDefined": false
      }
    ],
    "isTemplate": false,
    "count": 0,
    "updated": 0
  },
  {
    "id": "f424307b-a2c5-4877-ba20-055d5684be73",
    "data": [
      {
        "text": "send me the app info by email",
        "userDefined": false
      }
    ],
    "isTemplate": false,
    "count": 0,
    "updated": 0
  },
  {
    "id": "de4be187-f86e-4e31-91b6-dbdf7a56a43b",
    "data": [
      {
        "text": "email address",
        "userDefined": false
      }
    ],
    "isTemplate": false,
    "count": 0,
    "updated": 0
  },
  {
    "id": "c447277f-2bc4-4047-a933-d82a166c58b3",
    "data": [
      {
        "text": "App Link Via Email",
        "userDefined": false
      }
    ],
    "isTemplate": false,
    "count": 0,
    "updated": 0
  },
  {
    "id": "5e055485-46fc-4fb5-91d0-4f61cc88ef83",
    "data": [
      {
        "text": "I\u0027ll download from my email",
        "userDefined": false
      }
    ],
    "isTemplate": false,
    "count": 0,
    "updated": 0
  },
  {
    "id": "70ba3770-27a9-4dab-b5e4-efa6bbb938f8",
    "data": [
      {
        "text": "Send link by email",
        "userDefined": false
      }
    ],
    "isTemplate": false,
    "count": 0,
    "updated": 0
  },
  {
    "id": "71388397-a472-40c9-bc7e-a8c65c7d326e",
    "data": [
      {
        "text": "email",
        "userDefined": false
      }
    ],
    "isTemplate": false,
    "count": 0,
    "updated": 0
  }
]