[
  {
    "id": "c51a8f39-ba1c-4af0-a598-99d45b012b08",
    "data": [
      {
        "text": "Where can I find out my balance?",
        "userDefined": false
      }
    ],
    "isTemplate": false,
    "count": 0,
    "updated": 0
  },
  {
    "id": "bf2bcad2-c120-4949-87a1-be4bc4d279d2",
    "data": [
      {
        "text": "Check my balance",
        "userDefined": false
      }
    ],
    "isTemplate": false,
    "count": 0,
    "updated": 0
  },
  {
    "id": "cb7b279f-af12-4cd5-8352-e8c5b6e148d3",
    "data": [
      {
        "text": "check balance",
        "userDefined": false
      }
    ],
    "isTemplate": false,
    "count": 0,
    "updated": 0
  },
  {
    "id": "01c353b6-9ab3-41fd-b4ea-7419291833d3",
    "data": [
      {
        "text": "I want to know my account balance",
        "userDefined": false
      }
    ],
    "isTemplate": false,
    "count": 0,
    "updated": 0
  },
  {
    "id": "0782c111-6b8a-4d5c-9bd2-9fcdec391e6c",
    "data": [
      {
        "text": "balance",
        "userDefined": false
      }
    ],
    "isTemplate": false,
    "count": 0,
    "updated": 0
  },
  {
    "id": "f25d29b9-4999-45a3-af4f-89eff21e4c11",
    "data": [
      {
        "text": "I need help with my balance",
        "userDefined": false
      }
    ],
    "isTemplate": false,
    "count": 0,
    "updated": 0
  },
  {
    "id": "e7b8ccf2-af78-432e-8740-f3d269a1214a",
    "data": [
      {
        "text": "Tell me my balance",
        "userDefined": false
      }
    ],
    "isTemplate": false,
    "count": 0,
    "updated": 0
  },
  {
    "id": "e15d955f-58ac-4f3d-97db-2fd32b08aa80",
    "data": [
      {
        "text": "What is my balance?",
        "userDefined": false
      }
    ],
    "isTemplate": false,
    "count": 1,
    "updated": 0
  },
  {
    "id": "8dab7acd-47a8-4ec1-9fff-7a50f5d5afe4",
    "data": [
      {
        "text": "balance inquiry",
        "userDefined": false
      }
    ],
    "isTemplate": false,
    "count": 0,
    "updated": 0
  }
]