[
  {
    "id": "f639106d-b7b6-42e5-a123-9f3b62de7297",
    "data": [
      {
        "text": "Learn about ",
        "userDefined": false
      },
      {
        "text": "Hong Kong Dollar",
        "meta": "@sys.ignore",
        "userDefined": false
      },
      {
        "text": " Regular Savings Account",
        "userDefined": false
      }
    ],
    "isTemplate": false,
    "count": 0,
    "updated": 0
  },
  {
    "id": "bbe762ac-e4b5-4359-90c1-237cb9260f3a",
    "data": [
      {
        "text": "Tell me more about ",
        "userDefined": false
      },
      {
        "text": "Hong Kong Dollar",
        "meta": "@sys.ignore",
        "userDefined": false
      },
      {
        "text": " Regular Savings Account",
        "userDefined": false
      }
    ],
    "isTemplate": false,
    "count": 0,
    "updated": 0
  },
  {
    "id": "5597baf1-d97d-4aa4-b353-1307638b262c",
    "data": [
      {
        "text": "open a Saving Account in ",
        "userDefined": false
      },
      {
        "text": "Hong kong",
        "meta": "@sys.ignore",
        "userDefined": false
      }
    ],
    "isTemplate": false,
    "count": 0,
    "updated": 0
  },
  {
    "id": "00c2fa84-dda3-4014-a557-43424ed7e909",
    "data": [
      {
        "text": "I\u0027m interested in Hong Kong Savings Account",
        "userDefined": false
      }
    ],
    "isTemplate": false,
    "count": 0,
    "updated": 0
  },
  {
    "id": "b3a36be4-e67b-4aed-b851-e46417353cf2",
    "data": [
      {
        "text": "Hong Kong",
        "meta": "@sys.ignore",
        "userDefined": false
      },
      {
        "text": " Savings Account",
        "userDefined": false
      }
    ],
    "isTemplate": false,
    "count": 0,
    "updated": 0
  },
  {
    "id": "d3a42066-7dda-45c7-90bb-70d12b6400af",
    "data": [
      {
        "text": "Travel to Kong Kong",
        "userDefined": false
      }
    ],
    "isTemplate": false,
    "count": 0,
    "updated": 0
  },
  {
    "id": "1c315803-db5b-435b-acf0-1f813453eabe",
    "data": [
      {
        "text": "Hong Kong Dollar Regular Savings Account",
        "userDefined": false
      }
    ],
    "isTemplate": false,
    "count": 0,
    "updated": 0
  }
]