[
  {
    "id": "5390eb9d-7030-44fb-a500-efb15892b77c",
    "data": [
      {
        "text": "Exchange Network",
        "userDefined": false
      }
    ],
    "isTemplate": false,
    "count": 0,
    "updated": 0
  },
  {
    "id": "c329dfb3-7fa7-4c79-9306-991ee24b3d6b",
    "data": [
      {
        "text": "I would like to get more information about the exchange network",
        "userDefined": false
      }
    ],
    "isTemplate": false,
    "count": 0,
    "updated": 0
  },
  {
    "id": "241ea782-aa1f-48cb-9c95-7f6825273120",
    "data": [
      {
        "text": "Can you tell me more about the exchange network?",
        "userDefined": false
      }
    ],
    "isTemplate": false,
    "count": 0,
    "updated": 0
  },
  {
    "id": "db4bae9c-0749-464d-b852-5fbe481ae3a3",
    "data": [
      {
        "text": "What is the exchange network?",
        "userDefined": false
      }
    ],
    "isTemplate": false,
    "count": 0,
    "updated": 0
  }
]