[
  {
    "id": "041f6e42-a53c-4846-a7cb-cb37c35d4bab",
    "data": [
      {
        "text": "learn more about Traditional Mortgage",
        "userDefined": false
      }
    ],
    "isTemplate": false,
    "count": 0,
    "updated": 0
  },
  {
    "id": "6443c259-b122-468a-aeb6-f7d5db389714",
    "data": [
      {
        "text": "Tell me about Traditional Mortgage",
        "userDefined": false
      }
    ],
    "isTemplate": false,
    "count": 0,
    "updated": 0
  },
  {
    "id": "1ea00460-5134-4073-bf06-5f28756337dc",
    "data": [
      {
        "text": "HSBC Traditional (Residential) Mortgage",
        "userDefined": false
      }
    ],
    "isTemplate": false,
    "count": 0,
    "updated": 0
  }
]