[
  {
    "id": "757d8ddd-ef4a-431c-b535-2c4c71096976",
    "data": [
      {
        "text": "HSBC ",
        "userDefined": false
      },
      {
        "text": "Advance Mastercard",
        "meta": "@sys.ignore",
        "userDefined": false
      }
    ],
    "isTemplate": false,
    "count": 0,
    "updated": 0
  },
  {
    "id": "17992427-47ff-4432-8990-058908fbdd2e",
    "data": [
      {
        "text": "Apply for ",
        "userDefined": false
      },
      {
        "text": "advance card",
        "meta": "@sys.ignore",
        "userDefined": true
      }
    ],
    "isTemplate": false,
    "count": 0,
    "updated": 0
  },
  {
    "id": "d703da61-6105-4187-a4ec-23e8403dd29f",
    "data": [
      {
        "text": "How can I get an ",
        "userDefined": false
      },
      {
        "text": "Advance Mastercard",
        "meta": "@sys.ignore",
        "userDefined": false
      },
      {
        "text": "?",
        "userDefined": false
      }
    ],
    "isTemplate": false,
    "count": 0,
    "updated": 0
  },
  {
    "id": "debd604a-2754-40e4-a117-a51028bd05f3",
    "data": [
      {
        "text": "Advance Mastercard",
        "meta": "@sys.ignore",
        "userDefined": false
      },
      {
        "text": " credit card",
        "userDefined": false
      }
    ],
    "isTemplate": false,
    "count": 0,
    "updated": 0
  },
  {
    "id": "6d89db41-8e9f-43d0-aa85-9eb35c143e59",
    "data": [
      {
        "text": "Can I get an ",
        "userDefined": false
      },
      {
        "text": "Advance card",
        "meta": "@sys.ignore",
        "userDefined": true
      },
      {
        "text": "?",
        "userDefined": false
      }
    ],
    "isTemplate": false,
    "count": 0,
    "updated": 0
  },
  {
    "id": "715f3735-cdd4-48e1-be62-44db1035cfc4",
    "data": [
      {
        "text": "Advance Mastercard",
        "meta": "@sys.ignore",
        "userDefined": false
      }
    ],
    "isTemplate": false,
    "count": 0,
    "updated": 0
  },
  {
    "id": "1ad780ef-8c96-4b5d-8b75-6f37047667a6",
    "data": [
      {
        "text": "What is the ",
        "userDefined": false
      },
      {
        "text": "advance mastercard",
        "meta": "@sys.ignore",
        "userDefined": false
      },
      {
        "text": "?",
        "userDefined": false
      }
    ],
    "isTemplate": false,
    "count": 0,
    "updated": 0
  },
  {
    "id": "910a10e3-b7b0-4b5c-94fd-bc2865ebfd0f",
    "data": [
      {
        "text": "I want an ",
        "userDefined": false
      },
      {
        "text": "advance card",
        "meta": "@sys.ignore",
        "userDefined": true
      }
    ],
    "isTemplate": false,
    "count": 0,
    "updated": 0
  }
]