[
  {
    "id": "da07e518-1229-487c-917a-4612a6547e1d",
    "data": [
      {
        "text": "How do I deposit a cheque on my phone?",
        "userDefined": false
      }
    ],
    "isTemplate": false,
    "count": 0,
    "updated": 0
  },
  {
    "id": "04109cb7-2fd2-404f-b467-6918edef2c93",
    "data": [
      {
        "text": "How do I deposit a check on my phone?",
        "userDefined": false
      }
    ],
    "isTemplate": false,
    "count": 0,
    "updated": 0
  },
  {
    "id": "15513749-fd12-4e32-a313-7365b251cda2",
    "data": [
      {
        "text": "mobile deposits",
        "userDefined": false
      }
    ],
    "isTemplate": false,
    "count": 0,
    "updated": 0
  },
  {
    "id": "5c226754-0fe8-4ee1-b519-ee7097f041ce",
    "data": [
      {
        "text": "deposit checks on mobile",
        "userDefined": false
      }
    ],
    "isTemplate": false,
    "count": 0,
    "updated": 0
  },
  {
    "id": "aed89a4d-6433-4e53-81dc-a0e387b733c2",
    "data": [
      {
        "text": "i want to make an app deposit",
        "userDefined": false
      }
    ],
    "isTemplate": false,
    "count": 0,
    "updated": 0
  },
  {
    "id": "b9d4ccc4-fa4f-48fd-a976-13802b885580",
    "data": [
      {
        "text": "mobile check deposit",
        "userDefined": false
      }
    ],
    "isTemplate": false,
    "count": 0,
    "updated": 0
  },
  {
    "id": "adbb75bc-5ec4-49ee-829f-58772f72aa16",
    "data": [
      {
        "text": "cell deposit",
        "userDefined": false
      }
    ],
    "isTemplate": false,
    "count": 0,
    "updated": 0
  },
  {
    "id": "5669e934-3d1d-4b98-9f14-8615d8cd2b7e",
    "data": [
      {
        "text": "i want to deposit check using the app",
        "userDefined": false
      }
    ],
    "isTemplate": false,
    "count": 0,
    "updated": 0
  },
  {
    "id": "2d96c1d4-bc38-4529-b4c9-3efdf4ede6de",
    "data": [
      {
        "text": "cell check deposit",
        "userDefined": false
      }
    ],
    "isTemplate": false,
    "count": 0,
    "updated": 0
  },
  {
    "id": "697cfb26-68e1-4ccf-b68e-0b2fa11e0bbb",
    "data": [
      {
        "text": "phone deposit",
        "userDefined": false
      }
    ],
    "isTemplate": false,
    "count": 0,
    "updated": 0
  },
  {
    "id": "f09e945d-ea09-4c33-8599-608a6685127e",
    "data": [
      {
        "text": "deposit using phone",
        "userDefined": false
      }
    ],
    "isTemplate": false,
    "count": 0,
    "updated": 0
  }
]