[
  {
    "id": "5233091c-d982-4eaf-b0b4-73804f9a7b86",
    "data": [
      {
        "text": "More Info Link Via Email",
        "userDefined": false
      }
    ],
    "isTemplate": false,
    "count": 0,
    "updated": 0
  },
  {
    "id": "0c74bb2c-1e52-48c6-a72e-06732420d4f3",
    "data": [
      {
        "text": "send it to my email",
        "userDefined": false
      }
    ],
    "isTemplate": false,
    "count": 0,
    "updated": 0
  },
  {
    "id": "c9ac4d8e-f805-4142-acdf-9f7473c16f07",
    "data": [
      {
        "text": "Send link by Email",
        "userDefined": false
      }
    ],
    "isTemplate": false,
    "count": 0,
    "updated": 0
  },
  {
    "id": "e311435c-ecbc-4dc1-be90-da5745fe220e",
    "data": [
      {
        "text": "email address",
        "userDefined": false
      }
    ],
    "isTemplate": false,
    "count": 0,
    "updated": 0
  },
  {
    "id": "549070de-8255-4106-bc39-d972bb1cb1cd",
    "data": [
      {
        "text": "email me the link",
        "userDefined": false
      }
    ],
    "isTemplate": false,
    "count": 0,
    "updated": 0
  },
  {
    "id": "20d878b3-ddd5-4699-b3a2-7bbf0d4b683d",
    "data": [
      {
        "text": "i want you to email the link",
        "userDefined": false
      }
    ],
    "isTemplate": false,
    "count": 0,
    "updated": 0
  },
  {
    "id": "59c4d48d-0f6a-4483-9b44-c2fe649343e9",
    "data": [
      {
        "text": "i want the link by email",
        "userDefined": false
      }
    ],
    "isTemplate": false,
    "count": 0,
    "updated": 0
  },
  {
    "id": "9eb9a5e4-0d68-4cee-a166-a41cbd492b32",
    "data": [
      {
        "text": "mail me the link",
        "userDefined": false
      }
    ],
    "isTemplate": false,
    "count": 0,
    "updated": 0
  },
  {
    "id": "d5d55107-7715-4a44-a510-b15d2f83cf82",
    "data": [
      {
        "text": "email",
        "userDefined": false
      }
    ],
    "isTemplate": false,
    "count": 0,
    "updated": 0
  },
  {
    "id": "7f1b14fa-7e5c-4245-9b39-9d2ecddbb481",
    "data": [
      {
        "text": "send me the application info by email",
        "userDefined": false
      }
    ],
    "isTemplate": false,
    "count": 0,
    "updated": 0
  },
  {
    "id": "cf76c4a9-4c1b-4588-940d-4c7b41b60f5a",
    "data": [
      {
        "text": "Email the link to me",
        "userDefined": false
      }
    ],
    "isTemplate": false,
    "count": 0,
    "updated": 0
  }
]