[
  {
    "id": "1e42c940-be7d-43e2-8a95-c8fc59224c68",
    "data": [
      {
        "text": "information about accounts",
        "userDefined": false
      }
    ],
    "isTemplate": false,
    "count": 0,
    "updated": 0
  },
  {
    "id": "52f3e8d9-9f89-415d-9e02-3efde6186b53",
    "data": [
      {
        "text": "Products",
        "userDefined": false
      }
    ],
    "isTemplate": false,
    "count": 2,
    "updated": 0
  },
  {
    "id": "23b01f8f-f27d-4f90-89e1-125c604cdaa0",
    "data": [
      {
        "text": "Tell me about your products",
        "userDefined": false
      }
    ],
    "isTemplate": false,
    "count": 0,
    "updated": 0
  },
  {
    "id": "b4138b1c-74d6-41e8-82cd-c9d71071e560",
    "data": [
      {
        "text": "type of accounts",
        "userDefined": false
      }
    ],
    "isTemplate": false,
    "count": 0,
    "updated": 0
  },
  {
    "id": "4a962eed-6d8f-4bd4-8cfa-e4ba586a8a60",
    "data": [
      {
        "text": "Banking products",
        "userDefined": false
      }
    ],
    "isTemplate": false,
    "count": 0,
    "updated": 0
  },
  {
    "id": "28cb85d0-89e1-4fce-94e4-617deb97f329",
    "data": [
      {
        "text": "kind of acounts",
        "userDefined": false
      }
    ],
    "isTemplate": false,
    "count": 0,
    "updated": 0
  },
  {
    "id": "d4bfc868-1beb-42c9-bda8-9228fa0e4161",
    "data": [
      {
        "text": "new account",
        "userDefined": false
      }
    ],
    "isTemplate": false,
    "count": 0,
    "updated": 0
  },
  {
    "id": "db3f8c60-1903-431e-8363-32beecba01af",
    "data": [
      {
        "text": "Account",
        "userDefined": false
      }
    ],
    "isTemplate": false,
    "count": 0,
    "updated": 0
  },
  {
    "id": "8610ac8a-7e2a-4328-a12e-1da7c30be35d",
    "data": [
      {
        "text": "what kind of accounts",
        "userDefined": false
      }
    ],
    "isTemplate": false,
    "count": 0,
    "updated": 0
  },
  {
    "id": "9f43ea13-ce7c-48d3-93cc-c5bba1df1a5d",
    "data": [
      {
        "text": "Can you help me with products?",
        "userDefined": false
      }
    ],
    "isTemplate": false,
    "count": 0,
    "updated": 0
  },
  {
    "id": "5571d079-931e-4d9b-9b4c-481e64569b41",
    "data": [
      {
        "text": "what products do you offer?",
        "userDefined": false
      }
    ],
    "isTemplate": false,
    "count": 0,
    "updated": 0
  }
]