[
  {
    "id": "64540ca8-6d52-4106-b4aa-7118e6cfa9c6",
    "data": [
      {
        "text": "nope",
        "userDefined": false
      }
    ],
    "isTemplate": false,
    "count": 0,
    "updated": 0
  },
  {
    "id": "286ceb9f-bef7-4eb4-a45a-0625d5d0c7c3",
    "data": [
      {
        "text": "never mind",
        "userDefined": false
      }
    ],
    "isTemplate": false,
    "count": 0,
    "updated": 0
  },
  {
    "id": "2b5ca584-1246-4876-bfcc-4a2b3dfa886c",
    "data": [
      {
        "text": "Some other time",
        "userDefined": false
      }
    ],
    "isTemplate": false,
    "count": 0,
    "updated": 0
  },
  {
    "id": "3481ea56-38ba-43e7-828d-aa87046b6704",
    "data": [
      {
        "text": "not now",
        "userDefined": false
      }
    ],
    "isTemplate": false,
    "count": 0,
    "updated": 0
  },
  {
    "id": "c08a54fe-9cb8-411d-b3e0-f25e1d392589",
    "data": [
      {
        "text": "no thanks",
        "userDefined": false
      }
    ],
    "isTemplate": false,
    "count": 0,
    "updated": 0
  },
  {
    "id": "bd6d226b-a170-4b9c-9175-df46f20257d7",
    "data": [
      {
        "text": "i don\u0027t want a link",
        "userDefined": false
      }
    ],
    "isTemplate": false,
    "count": 0,
    "updated": 0
  },
  {
    "id": "fee6fd50-7786-4dfa-b38b-6297c9bba66a",
    "data": [
      {
        "text": "no way",
        "userDefined": false
      }
    ],
    "isTemplate": false,
    "count": 0,
    "updated": 0
  },
  {
    "id": "ee9c3755-4dbe-4516-b8f4-0318e9a7cbfd",
    "data": [
      {
        "text": "heck no",
        "userDefined": false
      }
    ],
    "isTemplate": false,
    "count": 0,
    "updated": 0
  },
  {
    "id": "043efbe7-cb5c-4a1f-9d34-0a4655866771",
    "data": [
      {
        "text": "I\u0027ve changed my mind",
        "userDefined": false
      }
    ],
    "isTemplate": false,
    "count": 0,
    "updated": 0
  },
  {
    "id": "0cb4dc93-d05d-48a0-870b-765b3a0d879e",
    "data": [
      {
        "text": "nah",
        "userDefined": false
      }
    ],
    "isTemplate": false,
    "count": 0,
    "updated": 0
  },
  {
    "id": "01bb84b1-fb23-4b70-b9bc-b8682e9521c1",
    "data": [
      {
        "text": "I\u0027ll pass",
        "userDefined": false
      }
    ],
    "isTemplate": false,
    "count": 0,
    "updated": 0
  },
  {
    "id": "148ce506-4619-4518-88ed-0ffe21a54588",
    "data": [
      {
        "text": "forget it",
        "userDefined": false
      }
    ],
    "isTemplate": false,
    "count": 0,
    "updated": 0
  },
  {
    "id": "ddff2a0e-a5d9-4e38-9135-d837062cbe15",
    "data": [
      {
        "text": "don\u0027t send me anything",
        "userDefined": false
      }
    ],
    "isTemplate": false,
    "count": 0,
    "updated": 0
  },
  {
    "id": "5ebd69ca-6c71-45ee-96c6-9ade40ff1634",
    "data": [
      {
        "text": "no",
        "userDefined": false
      }
    ],
    "isTemplate": false,
    "count": 0,
    "updated": 0
  },
  {
    "id": "5152b139-14e1-4aa0-8003-ac22a8d54ca2",
    "data": [
      {
        "text": "forget about it",
        "userDefined": false
      }
    ],
    "isTemplate": false,
    "count": 0,
    "updated": 0
  }
]