[
  {
    "id": "da519795-605b-43a6-a2ef-ac88c5a6c05a",
    "data": [
      {
        "text": "HSBC Canada Newcomers",
        "userDefined": false
      }
    ],
    "isTemplate": false,
    "count": 0,
    "updated": 0
  },
  {
    "id": "68060ad1-ec3a-4f13-90f5-5a5d512b6cd4",
    "data": [
      {
        "text": "Tell me about New to ",
        "userDefined": false
      },
      {
        "text": "Canada",
        "meta": "@sys.ignore",
        "userDefined": false
      }
    ],
    "isTemplate": false,
    "count": 0,
    "updated": 0
  },
  {
    "id": "6fce1fc3-3f05-4937-99e9-9cabf0f29960",
    "data": [
      {
        "text": "Tell me about newcomers",
        "userDefined": false
      }
    ],
    "isTemplate": false,
    "count": 0,
    "updated": 0
  },
  {
    "id": "bbf01ac8-1dcd-4fa5-809c-63ab87a2977c",
    "data": [
      {
        "text": "Newcomers Program",
        "userDefined": false
      }
    ],
    "isTemplate": false,
    "count": 0,
    "updated": 0
  },
  {
    "id": "be719d41-5f27-4e2d-8416-8caf064d9a11",
    "data": [
      {
        "text": "Is there any program for new arrival?",
        "userDefined": false
      }
    ],
    "isTemplate": false,
    "count": 0,
    "updated": 0
  },
  {
    "id": "283093b5-2ace-41df-a5c4-d96b591eddd6",
    "data": [
      {
        "text": "I just arrive in ",
        "userDefined": false
      },
      {
        "text": "Canada",
        "meta": "@sys.ignore",
        "userDefined": false
      }
    ],
    "isTemplate": false,
    "count": 0,
    "updated": 0
  },
  {
    "id": "eb58e6bd-c712-4635-b390-a21a38cd3880",
    "data": [
      {
        "text": "I just moved to ",
        "userDefined": false
      },
      {
        "text": "Canada",
        "meta": "@sys.ignore",
        "userDefined": false
      }
    ],
    "isTemplate": false,
    "count": 0,
    "updated": 0
  },
  {
    "id": "e4ac7bc6-3424-4511-8c16-ce4bd13680dd",
    "data": [
      {
        "text": "I\u0027m new to ",
        "userDefined": false
      },
      {
        "text": "Canada",
        "meta": "@sys.ignore",
        "userDefined": false
      }
    ],
    "isTemplate": false,
    "count": 0,
    "updated": 0
  },
  {
    "id": "728b7608-2f83-45fb-a41f-5b1ae046c62b",
    "data": [
      {
        "text": "New to ",
        "userDefined": false
      },
      {
        "text": "Canada",
        "meta": "@sys.ignore",
        "userDefined": false
      }
    ],
    "isTemplate": false,
    "count": 0,
    "updated": 0
  }
]