[
  {
    "id": "5b5b3aca-1bd1-47ac-8329-f36e87447ec2",
    "data": [
      {
        "text": "What will you be doing at the bank?",
        "userDefined": false
      }
    ],
    "isTemplate": false,
    "count": 0,
    "updated": 0
  },
  {
    "id": "60a685d4-8e53-45e0-91ce-461de55b4edf",
    "data": [
      {
        "text": "What will you be doing here at the bank?",
        "userDefined": false
      }
    ],
    "isTemplate": false,
    "count": 0,
    "updated": 0
  },
  {
    "id": "fc4b6fb9-5854-4a02-affd-33ab70058cf3",
    "data": [
      {
        "text": "What exactly will you be doing here at the bank?",
        "userDefined": false
      }
    ],
    "isTemplate": false,
    "count": 0,
    "updated": 0
  }
]