[
  {
    "id": "cc0676b4-4878-4b1b-a5a8-a1ed9f76f641",
    "data": [
      {
        "text": "withdraw ",
        "userDefined": false
      },
      {
        "text": "US Dollars",
        "meta": "@sys.ignore",
        "userDefined": false
      }
    ],
    "isTemplate": false,
    "count": 0,
    "updated": 0
  },
  {
    "id": "2d712aba-0204-4e40-883a-9cc635a6d70f",
    "data": [
      {
        "text": "withdraw ",
        "userDefined": false
      },
      {
        "text": "USD",
        "meta": "@sys.ignore",
        "userDefined": false
      }
    ],
    "isTemplate": false,
    "count": 0,
    "updated": 0
  },
  {
    "id": "f2802d78-af0a-49a4-b3ca-9f27ce7254c4",
    "data": [
      {
        "text": "I would like to withdraw ",
        "userDefined": false
      },
      {
        "text": "US Dollars",
        "meta": "@sys.ignore",
        "userDefined": false
      }
    ],
    "isTemplate": false,
    "count": 0,
    "updated": 0
  },
  {
    "id": "75c640df-0f4d-465a-a2b1-b6ccd53baf14",
    "data": [
      {
        "text": "I want to withdraw money",
        "userDefined": false
      }
    ],
    "isTemplate": false,
    "count": 0,
    "updated": 0
  },
  {
    "id": "08053a65-98f9-427b-8025-421bb127ef43",
    "data": [
      {
        "text": "Can you help me with withdraw money?",
        "userDefined": false
      }
    ],
    "isTemplate": false,
    "count": 0,
    "updated": 0
  },
  {
    "id": "32e0c094-5118-4751-b97d-1e402d83f915",
    "data": [
      {
        "text": "How can I withdraw money?",
        "userDefined": false
      }
    ],
    "isTemplate": false,
    "count": 0,
    "updated": 0
  },
  {
    "id": "2dd955de-2016-43bd-8455-20ed38e3eb8c",
    "data": [
      {
        "text": "I want to take money out",
        "userDefined": false
      }
    ],
    "isTemplate": false,
    "count": 0,
    "updated": 0
  },
  {
    "id": "266236a7-cf3c-413c-a8ef-d5d604e094a9",
    "data": [
      {
        "text": "How can I take money out?",
        "userDefined": false
      }
    ],
    "isTemplate": false,
    "count": 0,
    "updated": 0
  },
  {
    "id": "50650f90-4d85-4a3b-8082-ac003ac75d18",
    "data": [
      {
        "text": "I need help to withdraw money",
        "userDefined": false
      }
    ],
    "isTemplate": false,
    "count": 0,
    "updated": 0
  },
  {
    "id": "369f8670-d029-4c0d-8c57-66d8ac489e74",
    "data": [
      {
        "text": "I need help with withdrawal",
        "userDefined": false
      }
    ],
    "isTemplate": false,
    "count": 0,
    "updated": 0
  },
  {
    "id": "91ef23e5-0878-493e-8912-9c584695927f",
    "data": [
      {
        "text": "Withdraw money",
        "userDefined": false
      }
    ],
    "isTemplate": false,
    "count": 0,
    "updated": 0
  },
  {
    "id": "8bb28736-f9c7-4b95-854c-414108250a22",
    "data": [
      {
        "text": "Where can I withdraw money?",
        "userDefined": false
      }
    ],
    "isTemplate": false,
    "count": 1,
    "updated": 0
  }
]