[
  {
    "id": "cbc7eb53-9432-4151-bb1f-0f5c7b72a4bb",
    "data": [
      {
        "text": "Mobile phone banking",
        "userDefined": false
      }
    ],
    "isTemplate": false,
    "count": 1,
    "updated": 0
  },
  {
    "id": "d5c17986-7c0f-42cc-9928-2914ff8d5963",
    "data": [
      {
        "text": "How to bank on my phone",
        "userDefined": false
      }
    ],
    "isTemplate": false,
    "count": 0,
    "updated": 0
  },
  {
    "id": "1fa82b37-bbb6-4d0a-b7cf-b7a126f225c8",
    "data": [
      {
        "text": "I want to use my phone to bank",
        "userDefined": false
      }
    ],
    "isTemplate": false,
    "count": 0,
    "updated": 0
  },
  {
    "id": "022aa8a0-1872-4cbe-88d7-930f1136f992",
    "data": [
      {
        "text": "Tell me more about mobile Banking",
        "userDefined": false
      }
    ],
    "isTemplate": false,
    "count": 0,
    "updated": 0
  },
  {
    "id": "2d86adb9-6819-4ebc-89f3-f8a494ae55ee",
    "data": [
      {
        "text": "Mobile Banking",
        "userDefined": false
      }
    ],
    "isTemplate": false,
    "count": 0,
    "updated": 0
  }
]