[
  {
    "id": "b551d652-0303-45a1-903c-0bda272ca893",
    "data": [
      {
        "text": "R S P Loans",
        "userDefined": false
      }
    ],
    "isTemplate": false,
    "count": 0,
    "updated": 0
  },
  {
    "id": "fc7881f4-1484-404e-b87d-b94f2b72d7d8",
    "data": [
      {
        "text": "R R S P Loans",
        "userDefined": false
      }
    ],
    "isTemplate": false,
    "count": 0,
    "updated": 0
  },
  {
    "id": "57c157dd-7276-4b12-b7f3-16cd696594a1",
    "data": [
      {
        "text": "Tell me about RRSP Loans",
        "userDefined": false
      }
    ],
    "isTemplate": false,
    "count": 0,
    "updated": 0
  },
  {
    "id": "d7240453-8cdc-406c-80c4-fb903c7019ce",
    "data": [
      {
        "text": "RRSP Loans",
        "userDefined": false
      }
    ],
    "isTemplate": false,
    "count": 0,
    "updated": 0
  }
]