[
  {
    "id": "cfd1c953-3d65-4fd6-9911-246601b65216",
    "data": [
      {
        "text": "Why does my HSBC debit card now have a chip?",
        "userDefined": false
      }
    ],
    "isTemplate": false,
    "count": 0,
    "updated": 0
  },
  {
    "id": "07d25aab-dbfb-47b7-8c21-1cd54c4ed9db",
    "data": [
      {
        "text": "Why is there a chip on my debit card?",
        "userDefined": false
      }
    ],
    "isTemplate": false,
    "count": 0,
    "updated": 0
  },
  {
    "id": "caab7300-3eab-459b-9892-6b55ed14f252",
    "data": [
      {
        "text": "What is the chip on my debit card for?",
        "userDefined": false
      }
    ],
    "isTemplate": false,
    "count": 0,
    "updated": 0
  },
  {
    "id": "5751c066-d6c1-413e-a676-0047335f9063",
    "data": [
      {
        "text": "I don\u0027t want chip on my debit card.",
        "userDefined": false
      }
    ],
    "isTemplate": false,
    "count": 0,
    "updated": 0
  },
  {
    "id": "019d0fec-c8b5-48b2-80dc-8482e52f2431",
    "data": [
      {
        "text": "Why chip on my debit card?",
        "userDefined": false
      }
    ],
    "isTemplate": false,
    "count": 0,
    "updated": 0
  },
  {
    "id": "6d0bfa6a-15eb-4770-9846-2bc546d25965",
    "data": [
      {
        "text": "why is there a chip?",
        "userDefined": false
      }
    ],
    "isTemplate": false,
    "count": 0,
    "updated": 0
  }
]