[
  {
    "id": "9faa72c4-128a-4052-9b18-889cb8b80d34",
    "data": [
      {
        "text": "Learn about HSBC Mastercard",
        "userDefined": false
      }
    ],
    "isTemplate": false,
    "count": 0,
    "updated": 0
  },
  {
    "id": "c25dd434-9fb9-438d-8ab6-9e211936f102",
    "data": [
      {
        "text": "Tell me about HSBC Mastercard",
        "userDefined": false
      }
    ],
    "isTemplate": false,
    "count": 0,
    "updated": 0
  },
  {
    "id": "d21a4189-aadb-46af-9494-e82a35f9216d",
    "data": [
      {
        "text": "I want Mastercard",
        "userDefined": false
      }
    ],
    "isTemplate": false,
    "count": 0,
    "updated": 0
  },
  {
    "id": "785f1e16-561a-4fab-b33e-1d40a067bdd3",
    "data": [
      {
        "text": "HSBC Mastercard",
        "userDefined": false
      }
    ],
    "isTemplate": false,
    "count": 0,
    "updated": 0
  }
]