[
  {
    "id": "f71e900f-13b7-475d-a8c0-564478dafe09",
    "data": [
      {
        "text": "I have a question about ATM",
        "userDefined": false
      }
    ],
    "isTemplate": false,
    "count": 0,
    "updated": 0
  },
  {
    "id": "b842268e-4126-4015-a135-1732096e5fb1",
    "data": [
      {
        "text": "ATM Question",
        "userDefined": false
      }
    ],
    "isTemplate": false,
    "count": 0,
    "updated": 0
  },
  {
    "id": "8772984c-905a-468a-a230-cf4033182654",
    "data": [
      {
        "text": "Questions about ATM",
        "userDefined": false
      }
    ],
    "isTemplate": false,
    "count": 0,
    "updated": 0
  },
  {
    "id": "fec00900-6e56-429a-8b54-7502c7d92312",
    "data": [
      {
        "text": "ATM Menu",
        "userDefined": false
      }
    ],
    "isTemplate": false,
    "count": 0,
    "updated": 0
  },
  {
    "id": "d5a1e961-7dc9-4fae-b67d-8714c24956ae",
    "data": [
      {
        "text": "ATM Main",
        "userDefined": false
      }
    ],
    "isTemplate": false,
    "count": 0,
    "updated": 0
  },
  {
    "id": "623d561e-6ca5-4540-aa90-823d63c7b6d7",
    "data": [
      {
        "text": "ATM",
        "userDefined": false
      }
    ],
    "isTemplate": false,
    "count": 0,
    "updated": 0
  }
]