[
  {
    "id": "657bfb37-7ab5-4624-8f59-98979de9dce5",
    "data": [
      {
        "text": "What can I use the ATM for?",
        "userDefined": false
      }
    ],
    "isTemplate": false,
    "count": 0,
    "updated": 0
  },
  {
    "id": "0ac191a9-1fc1-4c5e-9c80-b971bba99e59",
    "data": [
      {
        "text": "How do I use an ATM?",
        "userDefined": false
      }
    ],
    "isTemplate": false,
    "count": 0,
    "updated": 0
  },
  {
    "id": "6b7b4032-5ba2-49a4-9ca6-12b465b486cd",
    "data": [
      {
        "text": "Using the ATM",
        "userDefined": false
      }
    ],
    "isTemplate": false,
    "count": 0,
    "updated": 0
  },
  {
    "id": "32c4f229-2003-4abc-808c-dbef03f8d60a",
    "data": [
      {
        "text": "ATM info",
        "userDefined": false
      }
    ],
    "isTemplate": false,
    "count": 1,
    "updated": 0
  },
  {
    "id": "eb082326-154f-4144-8d36-fdd6ed2ce9bf",
    "data": [
      {
        "text": "ATM help",
        "userDefined": false
      }
    ],
    "isTemplate": false,
    "count": 0,
    "updated": 0
  },
  {
    "id": "09f8c76c-94c3-44bf-b4cf-aacc95630774",
    "data": [
      {
        "text": "What is an ATM",
        "userDefined": false
      }
    ],
    "isTemplate": false,
    "count": 0,
    "updated": 0
  },
  {
    "id": "6f00935c-e62d-449d-be00-62baafddf883",
    "data": [
      {
        "text": "what can i use an ATM for?",
        "userDefined": false
      }
    ],
    "isTemplate": false,
    "count": 0,
    "updated": 0
  },
  {
    "id": "638281a9-7770-4864-bd87-e95a12978a5d",
    "data": [
      {
        "text": "Can I use an ATM?",
        "userDefined": false
      }
    ],
    "isTemplate": false,
    "count": 0,
    "updated": 0
  }
]