[
  {
    "id": "5681d221-fc04-4a81-8720-ead4c0b19dec",
    "data": [
      {
        "text": "I want to discover the mortgages product",
        "userDefined": false
      }
    ],
    "isTemplate": false,
    "count": 0,
    "updated": 0
  },
  {
    "id": "23e0fc96-1cbd-4385-bf6f-d8a631c419fa",
    "data": [
      {
        "text": "Mortgages product",
        "userDefined": false
      }
    ],
    "isTemplate": false,
    "count": 0,
    "updated": 0
  },
  {
    "id": "a8f16044-beca-4083-98ac-6288eb793bf1",
    "data": [
      {
        "text": "Tell me more about the mortgages product",
        "userDefined": false
      }
    ],
    "isTemplate": false,
    "count": 0,
    "updated": 0
  },
  {
    "id": "6d8df5c5-0d81-4750-a524-4cca7bf47ce0",
    "data": [
      {
        "text": "Mortgages",
        "userDefined": false
      }
    ],
    "isTemplate": false,
    "count": 0,
    "updated": 0
  }
]