[
  {
    "id": "c78cca19-98cb-41bb-8506-def0a3c25cd0",
    "data": [
      {
        "text": "I forgot my internet banking password",
        "userDefined": false
      }
    ],
    "isTemplate": false,
    "count": 0,
    "updated": 0
  },
  {
    "id": "b777f0fb-dd9a-412a-92bb-202e1991774f",
    "data": [
      {
        "text": "I can\u0027t remember my password",
        "userDefined": false
      }
    ],
    "isTemplate": false,
    "count": 0,
    "updated": 0
  },
  {
    "id": "f9c3b677-37d5-4a22-85a5-135b0ff2a065",
    "data": [
      {
        "text": "I want to get a new password",
        "userDefined": false
      }
    ],
    "isTemplate": false,
    "count": 0,
    "updated": 0
  },
  {
    "id": "3243730e-788d-475f-b218-d7fa89c75e6c",
    "data": [
      {
        "text": "Password for internet",
        "userDefined": false
      }
    ],
    "isTemplate": false,
    "count": 0,
    "updated": 0
  },
  {
    "id": "7a00f96a-3064-4a80-bee4-e590ec973c27",
    "data": [
      {
        "text": "What\u0027s my password?",
        "userDefined": false
      }
    ],
    "isTemplate": false,
    "count": 0,
    "updated": 0
  },
  {
    "id": "5d1bf247-a639-47aa-8dca-6761aca52a0b",
    "data": [
      {
        "text": "Forgot password",
        "userDefined": false
      }
    ],
    "isTemplate": false,
    "count": 0,
    "updated": 0
  },
  {
    "id": "15799103-1bfc-4015-80c4-5c53c1e94766",
    "data": [
      {
        "text": "I forgot my password",
        "userDefined": false
      }
    ],
    "isTemplate": false,
    "count": 0,
    "updated": 0
  },
  {
    "id": "56b6b1a7-fbdd-40c7-a945-bea647e1d72e",
    "data": [
      {
        "text": "I need password",
        "userDefined": false
      }
    ],
    "isTemplate": false,
    "count": 0,
    "updated": 0
  },
  {
    "id": "518e83c7-ad14-48c0-ac5a-eb015a35f3c1",
    "data": [
      {
        "text": "Password for Internet Banking",
        "userDefined": false
      }
    ],
    "isTemplate": false,
    "count": 0,
    "updated": 0
  }
]