[
  {
    "id": "ccdd183b-075e-4eaa-b3b5-3790ef03a5c7",
    "data": [
      {
        "text": "More Info Link Via SMS",
        "userDefined": false
      }
    ],
    "isTemplate": false,
    "count": 0,
    "updated": 0
  },
  {
    "id": "d96a188f-2992-47d6-ac1d-9b39269bc82c",
    "data": [
      {
        "text": "I want the application form on my cell",
        "userDefined": false
      }
    ],
    "isTemplate": false,
    "count": 0,
    "updated": 0
  },
  {
    "id": "b90194b9-8d55-40d2-a11d-ae060a636954",
    "data": [
      {
        "text": "text me",
        "userDefined": false
      }
    ],
    "isTemplate": false,
    "count": 0,
    "updated": 0
  },
  {
    "id": "295b10b8-6a64-4e22-b6e8-5d4d10449e41",
    "data": [
      {
        "text": "mobile phone",
        "userDefined": false
      }
    ],
    "isTemplate": false,
    "count": 0,
    "updated": 0
  },
  {
    "id": "4e153d91-d4bd-4635-8dcc-7fb3121f2051",
    "data": [
      {
        "text": "cell phone",
        "userDefined": false
      }
    ],
    "isTemplate": false,
    "count": 0,
    "updated": 0
  },
  {
    "id": "95ffb345-8b18-47d7-8240-c51477794833",
    "data": [
      {
        "text": "Text me the account info",
        "userDefined": false
      }
    ],
    "isTemplate": false,
    "count": 0,
    "updated": 0
  },
  {
    "id": "af37fa42-aefc-472e-81b6-2ba27f4bb238",
    "data": [
      {
        "text": "I\u0027ll apply on my phone",
        "userDefined": false
      }
    ],
    "isTemplate": false,
    "count": 0,
    "updated": 0
  },
  {
    "id": "e60c9c59-6622-468a-8d5d-cb395082ac7f",
    "data": [
      {
        "text": "Send the account info to my mobile",
        "userDefined": false
      }
    ],
    "isTemplate": false,
    "count": 0,
    "updated": 0
  },
  {
    "id": "7553a2ae-6232-4f40-9eef-5aea7362c49d",
    "data": [
      {
        "text": "Send the product link by phone",
        "userDefined": false
      }
    ],
    "isTemplate": false,
    "count": 0,
    "updated": 0
  },
  {
    "id": "6478ed9e-d829-4697-b47f-ecdca5c684f0",
    "data": [
      {
        "text": "send me a text link",
        "userDefined": false
      }
    ],
    "isTemplate": false,
    "count": 0,
    "updated": 0
  },
  {
    "id": "5d35efb0-695e-4dff-80cf-87df181cce8f",
    "data": [
      {
        "text": "send ",
        "userDefined": false
      },
      {
        "text": "link",
        "meta": "@sys.ignore",
        "userDefined": false
      },
      {
        "text": " by text",
        "userDefined": false
      }
    ],
    "isTemplate": false,
    "count": 0,
    "updated": 0
  },
  {
    "id": "eee31e8c-7f9f-4d27-85ac-24ea222c135c",
    "data": [
      {
        "text": "send text",
        "userDefined": false
      }
    ],
    "isTemplate": false,
    "count": 0,
    "updated": 0
  }
]