[
  {
    "id": "86263d94-cc63-45cc-90bf-13a753e06e39",
    "data": [
      {
        "text": "What are the different Loans",
        "userDefined": false
      }
    ],
    "isTemplate": false,
    "count": 0,
    "updated": 0
  },
  {
    "id": "6c21340a-3bff-4575-b558-472afd0a88ba",
    "data": [
      {
        "text": "I want to learn about Loans",
        "userDefined": false
      }
    ],
    "isTemplate": false,
    "count": 0,
    "updated": 0
  },
  {
    "id": "8afbbe35-75d0-42a1-af26-74db4e523cb2",
    "data": [
      {
        "text": "Tell me more about Loans",
        "userDefined": false
      }
    ],
    "isTemplate": false,
    "count": 0,
    "updated": 0
  },
  {
    "id": "cacdc1d4-da7b-49bf-a9f5-89a6bed6bd21",
    "data": [
      {
        "text": "Loans",
        "userDefined": false
      }
    ],
    "isTemplate": false,
    "count": 0,
    "updated": 0
  }
]