[
  {
    "id": "a83ae744-abcd-4d31-885f-c1258674098c",
    "data": [
      {
        "text": "Can I make payments with my mobile?",
        "userDefined": false
      }
    ],
    "isTemplate": false,
    "count": 0,
    "updated": 0
  },
  {
    "id": "594bd643-c6d1-4446-92b1-dc79111822f3",
    "data": [
      {
        "text": "paying bills on the phone",
        "userDefined": false
      }
    ],
    "isTemplate": false,
    "count": 0,
    "updated": 0
  },
  {
    "id": "285bff02-1887-42e7-94ec-2b11c0f3c85d",
    "data": [
      {
        "text": "Mobile Bill Payment",
        "userDefined": false
      }
    ],
    "isTemplate": false,
    "count": 0,
    "updated": 0
  },
  {
    "id": "ff5d1bb5-586e-4f15-a148-5651a7608871",
    "data": [
      {
        "text": "pay bills on phone",
        "userDefined": false
      }
    ],
    "isTemplate": false,
    "count": 0,
    "updated": 0
  },
  {
    "id": "4cd704ec-350d-44ea-b75b-37308ebb278f",
    "data": [
      {
        "text": "use android to pay ",
        "userDefined": false
      },
      {
        "text": "bills",
        "meta": "@sys.ignore",
        "userDefined": false
      }
    ],
    "isTemplate": false,
    "count": 0,
    "updated": 0
  },
  {
    "id": "1350f4d6-3e5d-4f65-af47-0f3a24740360",
    "data": [
      {
        "text": "pay ",
        "userDefined": false
      },
      {
        "text": "bills",
        "meta": "@sys.ignore",
        "userDefined": false
      }
    ],
    "isTemplate": false,
    "count": 0,
    "updated": 0
  },
  {
    "id": "2a264ab7-c7cd-4953-b296-4afc2e81c191",
    "data": [
      {
        "text": "billpay",
        "userDefined": false
      }
    ],
    "isTemplate": false,
    "count": 0,
    "updated": 0
  },
  {
    "id": "44b9e4dd-db70-457f-97b6-cad8993d55bf",
    "data": [
      {
        "text": "Bill",
        "meta": "@sys.ignore",
        "userDefined": false
      },
      {
        "text": " Pay Mobile",
        "userDefined": false
      }
    ],
    "isTemplate": false,
    "count": 0,
    "updated": 0
  },
  {
    "id": "d28c8940-59fb-46ac-ae0a-4b0e244edd10",
    "data": [
      {
        "text": "use iphone to pay ",
        "userDefined": false
      },
      {
        "text": "bills",
        "meta": "@sys.ignore",
        "userDefined": false
      }
    ],
    "isTemplate": false,
    "count": 0,
    "updated": 0
  },
  {
    "id": "9ef8a57e-ddc1-4c25-a472-587d81976a6b",
    "data": [
      {
        "text": "can i pay ",
        "userDefined": false
      },
      {
        "text": "bills",
        "meta": "@sys.ignore",
        "userDefined": false
      },
      {
        "text": " with my phone?",
        "userDefined": false
      }
    ],
    "isTemplate": false,
    "count": 0,
    "updated": 0
  },
  {
    "id": "5608f097-518e-4ca6-b613-a1575b252228",
    "data": [
      {
        "text": "can i make payments on my cell?",
        "userDefined": false
      }
    ],
    "isTemplate": false,
    "count": 0,
    "updated": 0
  }
]