[
  {
    "id": "8c5f312f-b314-42ab-9f3d-10a28288d46e",
    "data": [
      {
        "text": "Bank online",
        "userDefined": false
      }
    ],
    "isTemplate": false,
    "count": 0,
    "updated": 0
  },
  {
    "id": "0d586f6d-902e-4614-acc3-2cd65d3e3c58",
    "data": [
      {
        "text": "Learn more about Online Banking",
        "userDefined": false
      }
    ],
    "isTemplate": false,
    "count": 0,
    "updated": 0
  },
  {
    "id": "477a78e6-cded-45e0-a1b2-a9955f9e2556",
    "data": [
      {
        "text": "Tell me more about Online Banking",
        "userDefined": false
      }
    ],
    "isTemplate": false,
    "count": 0,
    "updated": 0
  },
  {
    "id": "4dc4d792-8d13-475d-be02-41604e183880",
    "data": [
      {
        "text": "Online Banking",
        "userDefined": false
      }
    ],
    "isTemplate": false,
    "count": 0,
    "updated": 0
  },
  {
    "id": "507d91aa-d81f-42d2-b85a-95d7b565b9a9",
    "data": [
      {
        "text": "I want to bank online",
        "userDefined": false
      }
    ],
    "isTemplate": false,
    "count": 0,
    "updated": 0
  }
]