[
  {
    "id": "77250c6e-86d9-4b92-ad43-3d3761906752",
    "data": [
      {
        "text": "I want to have checks",
        "userDefined": false
      }
    ],
    "isTemplate": false,
    "count": 0,
    "updated": 0
  },
  {
    "id": "f7896090-d029-4895-9b9c-cc0340f1837b",
    "data": [
      {
        "text": "I want checks",
        "userDefined": false
      }
    ],
    "isTemplate": false,
    "count": 0,
    "updated": 0
  },
  {
    "id": "ee34f725-f403-4001-95a8-ea2befa1ad8d",
    "data": [
      {
        "text": "I need help with checking",
        "userDefined": false
      }
    ],
    "isTemplate": false,
    "count": 0,
    "updated": 0
  },
  {
    "id": "3503b210-634b-4cd3-b956-50325e7f86c4",
    "data": [
      {
        "text": "How can I get checks?",
        "userDefined": false
      }
    ],
    "isTemplate": false,
    "count": 0,
    "updated": 0
  },
  {
    "id": "974d721b-1f4b-4f4e-b1a0-203959354e4d",
    "data": [
      {
        "text": "chequing account",
        "userDefined": false
      }
    ],
    "isTemplate": false,
    "count": 0,
    "updated": 0
  },
  {
    "id": "7ccd6607-16b6-4416-be1a-f4048fa78a5f",
    "data": [
      {
        "text": "Do you have a checking account",
        "userDefined": false
      }
    ],
    "isTemplate": false,
    "count": 0,
    "updated": 0
  },
  {
    "id": "8bb48338-ace2-4b28-ba97-7e6fae35cde6",
    "data": [
      {
        "text": "I need some checks",
        "userDefined": false
      }
    ],
    "isTemplate": false,
    "count": 0,
    "updated": 0
  },
  {
    "id": "9a6a52bd-7fd1-4507-b548-b7ec6d71886c",
    "data": [
      {
        "text": "I want to open a checking account",
        "userDefined": false
      }
    ],
    "isTemplate": false,
    "count": 0,
    "updated": 0
  },
  {
    "id": "869147a6-85c0-4b0c-a228-dc5e965cee1a",
    "data": [
      {
        "text": "I am interested in checking account",
        "userDefined": false
      }
    ],
    "isTemplate": false,
    "count": 0,
    "updated": 0
  }
]