[
  {
    "id": "ab20b15b-d7e8-4040-9e21-2b212a2887e3",
    "data": [
      {
        "text": "Is using a debit card safe?",
        "userDefined": false
      }
    ],
    "isTemplate": false,
    "count": 0,
    "updated": 0
  },
  {
    "id": "be35ddc1-b653-43f6-b7fc-e233c46b8b93",
    "data": [
      {
        "text": "How safe is my debit card?",
        "userDefined": false
      }
    ],
    "isTemplate": false,
    "count": 1,
    "updated": 0
  },
  {
    "id": "737d6d03-b1c9-49c9-b416-e94b24c9dc27",
    "data": [
      {
        "text": "debit card security",
        "userDefined": false
      }
    ],
    "isTemplate": false,
    "count": 1,
    "updated": 0
  },
  {
    "id": "86b03ab4-d4d8-4e66-9309-421c111b9d8d",
    "data": [
      {
        "text": "Debit card safety",
        "userDefined": false
      }
    ],
    "isTemplate": false,
    "count": 0,
    "updated": 0
  },
  {
    "id": "0fcfa463-a403-44eb-89dc-000af5ae8cab",
    "data": [
      {
        "text": "Is my debit card secure?",
        "userDefined": false
      }
    ],
    "isTemplate": false,
    "count": 0,
    "updated": 0
  },
  {
    "id": "960e8fff-39a5-4572-8561-c04822b89fec",
    "data": [
      {
        "text": "why debit card safe",
        "userDefined": false
      }
    ],
    "isTemplate": false,
    "count": 0,
    "updated": 0
  },
  {
    "id": "f21a5c4a-d775-4ebf-bf0c-d815bd59248d",
    "data": [
      {
        "text": "Can my debit card be hacked?",
        "userDefined": false
      }
    ],
    "isTemplate": false,
    "count": 0,
    "updated": 0
  },
  {
    "id": "569d8d30-1ec1-42d7-b2ef-dedb46ca02a5",
    "data": [
      {
        "text": "Debit card security.",
        "userDefined": false
      }
    ],
    "isTemplate": false,
    "count": 1,
    "updated": 0
  }
]