[
  {
    "id": "5dff3e4f-f682-4eee-8ca8-3d94e4e00951",
    "data": [
      {
        "text": "yep",
        "userDefined": false
      }
    ],
    "isTemplate": false,
    "count": 0,
    "updated": 0
  },
  {
    "id": "b2ec7fdb-2ff6-4a3e-95e9-968d581b071b",
    "data": [
      {
        "text": "send me the link",
        "userDefined": false
      }
    ],
    "isTemplate": false,
    "count": 0,
    "updated": 0
  },
  {
    "id": "e2b8ad63-478c-42e6-ae8e-42caf1c71f09",
    "data": [
      {
        "text": "i\u0027ll install the app",
        "userDefined": false
      }
    ],
    "isTemplate": false,
    "count": 0,
    "updated": 0
  },
  {
    "id": "1b08ebc5-b034-4de2-a330-af7bf2df21b1",
    "data": [
      {
        "text": "i will",
        "userDefined": false
      }
    ],
    "isTemplate": false,
    "count": 0,
    "updated": 0
  },
  {
    "id": "0d455f03-b036-487b-b458-5db39d9aa096",
    "data": [
      {
        "text": "i do",
        "userDefined": false
      }
    ],
    "isTemplate": false,
    "count": 0,
    "updated": 0
  },
  {
    "id": "613e616a-d2c6-421f-b7af-981262672c70",
    "data": [
      {
        "text": "yes",
        "userDefined": false
      }
    ],
    "isTemplate": false,
    "count": 0,
    "updated": 0
  },
  {
    "id": "04377c50-00b3-47cc-a982-386157557930",
    "data": [
      {
        "text": "i agree",
        "userDefined": false
      }
    ],
    "isTemplate": false,
    "count": 0,
    "updated": 0
  },
  {
    "id": "092909c8-6343-4681-97e0-0e7e3794f42e",
    "data": [
      {
        "text": "okay",
        "userDefined": false
      }
    ],
    "isTemplate": false,
    "count": 0,
    "updated": 0
  },
  {
    "id": "b2770e6f-2023-45e5-be7f-b23e71465696",
    "data": [
      {
        "text": "ok",
        "userDefined": false
      }
    ],
    "isTemplate": false,
    "count": 0,
    "updated": 0
  },
  {
    "id": "dc81f407-b1d2-402d-ad52-12acf334b5fc",
    "data": [
      {
        "text": "i want the app",
        "userDefined": false
      }
    ],
    "isTemplate": false,
    "count": 0,
    "updated": 0
  },
  {
    "id": "a443faad-0197-48f7-b5a6-cfce354d2d2e",
    "data": [
      {
        "text": "ya",
        "userDefined": false
      }
    ],
    "isTemplate": false,
    "count": 0,
    "updated": 0
  },
  {
    "id": "b11d6d33-2f5a-4ad6-9f6b-c2c74f8cd09d",
    "data": [
      {
        "text": "send me install link",
        "userDefined": false
      }
    ],
    "isTemplate": false,
    "count": 0,
    "updated": 0
  },
  {
    "id": "1e36d8f7-def9-4f35-839f-d5ca821d9328",
    "data": [
      {
        "text": "start",
        "userDefined": false
      }
    ],
    "isTemplate": false,
    "count": 0,
    "updated": 0
  },
  {
    "id": "d2e540b4-5963-403c-bca7-856e9fe7b02f",
    "data": [
      {
        "text": "i want the link",
        "userDefined": false
      }
    ],
    "isTemplate": false,
    "count": 0,
    "updated": 0
  },
  {
    "id": "3ba371c1-8c13-4fc6-abb6-34a2920ddbaa",
    "data": [
      {
        "text": "begin",
        "userDefined": false
      }
    ],
    "isTemplate": false,
    "count": 0,
    "updated": 0
  },
  {
    "id": "6db0622d-feee-4bf2-a6b2-a28656d521fb",
    "data": [
      {
        "text": "go ahead",
        "userDefined": false
      }
    ],
    "isTemplate": false,
    "count": 0,
    "updated": 0
  },
  {
    "id": "927b3ad9-475e-4566-9102-852a5b8ca7c4",
    "data": [
      {
        "text": "yeah",
        "userDefined": false
      }
    ],
    "isTemplate": false,
    "count": 0,
    "updated": 0
  },
  {
    "id": "f60cfa7f-7d05-477e-adb8-7c1f05032888",
    "data": [
      {
        "text": "confirm",
        "userDefined": false
      }
    ],
    "isTemplate": false,
    "count": 0,
    "updated": 0
  },
  {
    "id": "64d794eb-c799-4afa-9924-0450710e4ca5",
    "data": [
      {
        "text": "alright",
        "userDefined": false
      }
    ],
    "isTemplate": false,
    "count": 0,
    "updated": 0
  },
  {
    "id": "ed3d6d3b-fd1d-4786-a476-d05eaad90957",
    "data": [
      {
        "text": "sure",
        "userDefined": false
      }
    ],
    "isTemplate": false,
    "count": 0,
    "updated": 0
  },
  {
    "id": "ced81536-5dcf-468e-8ebd-ae4a0a569dcf",
    "data": [
      {
        "text": "why not",
        "userDefined": false
      }
    ],
    "isTemplate": false,
    "count": 0,
    "updated": 0
  },
  {
    "id": "7ecade16-4574-4d71-b093-e331c0fb642c",
    "data": [
      {
        "text": "where\u0027s the download link",
        "userDefined": false
      }
    ],
    "isTemplate": false,
    "count": 0,
    "updated": 0
  },
  {
    "id": "5f817d06-90c1-4e2c-a024-c32b5daed81b",
    "data": [
      {
        "text": "okey dokey",
        "userDefined": false
      }
    ],
    "isTemplate": false,
    "count": 0,
    "updated": 0
  },
  {
    "id": "e9e50054-0314-4455-9501-d42452959510",
    "data": [
      {
        "text": "i don\u0027t mind",
        "userDefined": false
      }
    ],
    "isTemplate": false,
    "count": 0,
    "updated": 0
  }
]