[
  {
    "id": "8a927b14-3427-4eb8-b614-269d5732d585",
    "data": [
      {
        "text": "Unlimited Chequing",
        "userDefined": false
      }
    ],
    "isTemplate": false,
    "count": 0,
    "updated": 0
  },
  {
    "id": "f4c6df3c-8897-47fc-b289-43a245dddb07",
    "data": [
      {
        "text": "Performance Unlimited",
        "userDefined": false
      }
    ],
    "isTemplate": false,
    "count": 0,
    "updated": 0
  },
  {
    "id": "ed084bb6-0740-407e-a537-4a1ef5d1403a",
    "data": [
      {
        "text": "Chequing Unlimited",
        "userDefined": false
      }
    ],
    "isTemplate": false,
    "count": 0,
    "updated": 0
  },
  {
    "id": "92f598fa-99e5-4f24-bdd2-ad8f1c7f64b5",
    "data": [
      {
        "text": "Performance Chequing-Unlimited",
        "userDefined": false
      }
    ],
    "isTemplate": false,
    "count": 0,
    "updated": 0
  },
  {
    "id": "e91f5c52-3c8e-4102-a57b-ab8ee6a77e14",
    "data": [
      {
        "text": "Open performance Chequing-Unlimited",
        "userDefined": false
      }
    ],
    "isTemplate": false,
    "count": 0,
    "updated": 0
  },
  {
    "id": "b483042e-afd7-4eac-8b13-1edbe33a469c",
    "data": [
      {
        "text": "I want to learn about Chequing Unlimited",
        "userDefined": false
      }
    ],
    "isTemplate": false,
    "count": 0,
    "updated": 0
  },
  {
    "id": "a8e6b5f5-7a83-4be0-a16e-4898d84d5756",
    "data": [
      {
        "text": "Tell me about Chequing Unlimited",
        "userDefined": false
      }
    ],
    "isTemplate": false,
    "count": 0,
    "updated": 0
  }
]