[
  {
    "id": "b5d827c2-20a2-4dca-b7c3-a57ffa0e3ac9",
    "data": [
      {
        "text": "absolutely",
        "userDefined": false
      }
    ],
    "isTemplate": false,
    "count": 0,
    "updated": 0
  },
  {
    "id": "21fb5ba3-8ba2-4b7d-9b65-95e7b6f1824f",
    "data": [
      {
        "text": "why not",
        "userDefined": false
      }
    ],
    "isTemplate": false,
    "count": 0,
    "updated": 0
  },
  {
    "id": "88b12364-516f-4105-be00-2fb880bf4951",
    "data": [
      {
        "text": "yeah",
        "userDefined": false
      }
    ],
    "isTemplate": false,
    "count": 0,
    "updated": 0
  },
  {
    "id": "51b06a2c-79c7-45d7-8490-e3424cb7a161",
    "data": [
      {
        "text": "yes, another method",
        "userDefined": false
      }
    ],
    "isTemplate": false,
    "count": 0,
    "updated": 0
  },
  {
    "id": "2c5b8c1a-aa9e-4d02-9235-b5c10268c5a2",
    "data": [
      {
        "text": "i agree",
        "userDefined": false
      }
    ],
    "isTemplate": false,
    "count": 0,
    "updated": 0
  },
  {
    "id": "e4deed84-acb0-4025-9fc0-2f09cc74f24b",
    "data": [
      {
        "text": "okay",
        "userDefined": false
      }
    ],
    "isTemplate": false,
    "count": 0,
    "updated": 0
  },
  {
    "id": "ab06f198-8336-49cd-9952-40cd781f9210",
    "data": [
      {
        "text": "confirm",
        "userDefined": false
      }
    ],
    "isTemplate": false,
    "count": 0,
    "updated": 0
  },
  {
    "id": "260e1552-d1bb-46b2-8d71-62d7bae70e36",
    "data": [
      {
        "text": "ya",
        "userDefined": false
      }
    ],
    "isTemplate": false,
    "count": 0,
    "updated": 0
  },
  {
    "id": "7516b8e8-6192-4572-b46f-2598dce7c9a7",
    "data": [
      {
        "text": "alright",
        "userDefined": false
      }
    ],
    "isTemplate": false,
    "count": 0,
    "updated": 0
  },
  {
    "id": "dbbe3e02-c17a-4a14-8c39-d69e57e5a4c6",
    "data": [
      {
        "text": "ok",
        "userDefined": false
      }
    ],
    "isTemplate": false,
    "count": 0,
    "updated": 0
  },
  {
    "id": "d88969c4-728f-41f2-97e7-77658cbacaad",
    "data": [
      {
        "text": "where\u0027s the application available?",
        "userDefined": false
      }
    ],
    "isTemplate": false,
    "count": 0,
    "updated": 0
  },
  {
    "id": "dad4c8b3-b7c5-4bcc-a1e7-7e191777e583",
    "data": [
      {
        "text": "I want the info",
        "userDefined": false
      }
    ],
    "isTemplate": false,
    "count": 0,
    "updated": 0
  },
  {
    "id": "295d4628-e4af-46dc-9efc-de5eb7e96fee",
    "data": [
      {
        "text": "okey dokey",
        "userDefined": false
      }
    ],
    "isTemplate": false,
    "count": 0,
    "updated": 0
  },
  {
    "id": "0147c85f-3d15-4203-b7e9-7471901071a5",
    "data": [
      {
        "text": "yep",
        "userDefined": false
      }
    ],
    "isTemplate": false,
    "count": 0,
    "updated": 0
  },
  {
    "id": "2651dc73-a414-4f00-bd51-10e7c0ab6f47",
    "data": [
      {
        "text": "of course",
        "userDefined": false
      }
    ],
    "isTemplate": false,
    "count": 0,
    "updated": 0
  },
  {
    "id": "5f3c0115-af12-4656-a860-53cf8297dfc0",
    "data": [
      {
        "text": "i want the link",
        "userDefined": false
      }
    ],
    "isTemplate": false,
    "count": 0,
    "updated": 0
  },
  {
    "id": "24245599-aad7-4d0b-8457-33661159a249",
    "data": [
      {
        "text": "try something else",
        "userDefined": false
      }
    ],
    "isTemplate": false,
    "count": 0,
    "updated": 0
  },
  {
    "id": "880263b4-2075-48b6-9d5e-4cfed44e61d6",
    "data": [
      {
        "text": "send me the info",
        "userDefined": false
      }
    ],
    "isTemplate": false,
    "count": 0,
    "updated": 0
  },
  {
    "id": "d49871bf-7da9-40ef-9252-cc7cdbb295e1",
    "data": [
      {
        "text": "try another method",
        "userDefined": false
      }
    ],
    "isTemplate": false,
    "count": 0,
    "updated": 0
  },
  {
    "id": "d716879b-cc95-4255-96d2-2f9e8dc2c8a8",
    "data": [
      {
        "text": "sure, give me the info",
        "userDefined": false
      }
    ],
    "isTemplate": false,
    "count": 0,
    "updated": 0
  },
  {
    "id": "b940c6d7-8873-4403-afca-b3bb1cd76239",
    "data": [
      {
        "text": "i will",
        "userDefined": false
      }
    ],
    "isTemplate": false,
    "count": 0,
    "updated": 0
  },
  {
    "id": "915a268c-f1f5-4cd6-a4b9-93ef1078cf26",
    "data": [
      {
        "text": "send me the link",
        "userDefined": false
      }
    ],
    "isTemplate": false,
    "count": 0,
    "updated": 0
  },
  {
    "id": "edf3001e-8ad7-4a86-9814-da0c0e63ad6c",
    "data": [
      {
        "text": "i don\u0027t mind",
        "userDefined": false
      }
    ],
    "isTemplate": false,
    "count": 0,
    "updated": 0
  },
  {
    "id": "7d27c221-fd41-4f95-9433-1660980ee437",
    "data": [
      {
        "text": "yes",
        "userDefined": false
      }
    ],
    "isTemplate": false,
    "count": 0,
    "updated": 0
  },
  {
    "id": "461301bb-4821-4050-ad2d-63fb3e4b86b6",
    "data": [
      {
        "text": "i do",
        "userDefined": false
      }
    ],
    "isTemplate": false,
    "count": 0,
    "updated": 0
  },
  {
    "id": "56e84658-77e4-4b35-819e-1d6e6ada9404",
    "data": [
      {
        "text": "go ahead",
        "userDefined": false
      }
    ],
    "isTemplate": false,
    "count": 0,
    "updated": 0
  },
  {
    "id": "1a37bb13-4629-4df0-bff8-a2227f1dbc81",
    "data": [
      {
        "text": "begin",
        "userDefined": false
      }
    ],
    "isTemplate": false,
    "count": 0,
    "updated": 0
  },
  {
    "id": "a8e65e91-e554-4fee-ae2f-69672df5b8fe",
    "data": [
      {
        "text": "start",
        "userDefined": false
      }
    ],
    "isTemplate": false,
    "count": 0,
    "updated": 0
  },
  {
    "id": "30d4f24a-6597-48ec-8714-b6c569224a28",
    "data": [
      {
        "text": "sure",
        "userDefined": false
      }
    ],
    "isTemplate": false,
    "count": 0,
    "updated": 0
  }
]