[
  {
    "id": "13c17964-b444-4565-ae29-48537c3ca10d",
    "data": [
      {
        "text": "i want to talk to someone",
        "userDefined": false
      }
    ],
    "isTemplate": false,
    "count": 2,
    "updated": 0
  },
  {
    "id": "44ddf98c-40b6-4839-8c71-54474b5bbed8",
    "data": [
      {
        "text": "call me a teller",
        "userDefined": false
      }
    ],
    "isTemplate": false,
    "count": 0,
    "updated": 0
  },
  {
    "id": "d57ebaf1-274f-44f4-8344-8d63aca03339",
    "data": [
      {
        "text": "open an account",
        "userDefined": false
      }
    ],
    "isTemplate": false,
    "count": 0,
    "updated": 0
  },
  {
    "id": "1f8abad3-5b68-4d25-a507-c611863d37cb",
    "data": [
      {
        "text": "how can I open an account",
        "userDefined": false
      }
    ],
    "isTemplate": false,
    "count": 0,
    "updated": 0
  },
  {
    "id": "79a9eccc-d5fe-45e8-91e2-b6499c35a1d7",
    "data": [
      {
        "text": "I want to see someone",
        "userDefined": false
      }
    ],
    "isTemplate": false,
    "count": 0,
    "updated": 0
  },
  {
    "id": "fbe34a2c-7cf0-4561-b3ea-bbc47e7d5019",
    "data": [
      {
        "text": "open a new account",
        "userDefined": false
      }
    ],
    "isTemplate": false,
    "count": 0,
    "updated": 0
  },
  {
    "id": "b7ffb7fe-8c6f-41b6-9fdb-c05967a3f101",
    "data": [
      {
        "text": "Schedule an appointment",
        "userDefined": false
      }
    ],
    "isTemplate": false,
    "count": 0,
    "updated": 0
  },
  {
    "id": "52803568-bbcd-4d5e-a01a-c81f780cf854",
    "data": [
      {
        "text": "I\u0027d like to open an account",
        "userDefined": false
      }
    ],
    "isTemplate": false,
    "count": 0,
    "updated": 0
  },
  {
    "id": "9c46a9fb-dd5d-4fc2-b016-a2e0df514a4d",
    "data": [
      {
        "text": "Can I talk to someone",
        "userDefined": false
      }
    ],
    "isTemplate": false,
    "count": 0,
    "updated": 0
  },
  {
    "id": "5774a4c3-e10f-409b-8cb6-055ecd3ecd46",
    "data": [
      {
        "text": "create an account",
        "userDefined": false
      }
    ],
    "isTemplate": false,
    "count": 0,
    "updated": 0
  },
  {
    "id": "915e11ce-977d-4d81-978b-28a23c62351d",
    "data": [
      {
        "text": "Can I meet a banker?",
        "userDefined": false
      }
    ],
    "isTemplate": false,
    "count": 0,
    "updated": 0
  },
  {
    "id": "0b50c193-3517-45ab-ba32-2bfd9524d614",
    "data": [
      {
        "text": "I want to make an appointment",
        "userDefined": false
      }
    ],
    "isTemplate": false,
    "count": 0,
    "updated": 0
  },
  {
    "id": "9daaa487-c234-4823-9afb-11766073d176",
    "data": [
      {
        "text": "Can I see a specialist?",
        "userDefined": false
      }
    ],
    "isTemplate": false,
    "count": 0,
    "updated": 0
  },
  {
    "id": "0025cf08-9cbe-4405-8842-c956124bb6f8",
    "data": [
      {
        "text": "talking to a banker",
        "userDefined": false
      }
    ],
    "isTemplate": false,
    "count": 0,
    "updated": 0
  },
  {
    "id": "e57ecfec-da72-439e-baf4-8a35e73d6413",
    "data": [
      {
        "text": "i\u0027ll talk to someone",
        "userDefined": false
      }
    ],
    "isTemplate": false,
    "count": 0,
    "updated": 0
  },
  {
    "id": "e3ef5dbb-07de-479a-94db-fadf59ce1d56",
    "data": [
      {
        "text": "Can I speak to a licensed sales professional?",
        "userDefined": false
      }
    ],
    "isTemplate": false,
    "count": 0,
    "updated": 0
  },
  {
    "id": "9080ad63-c7bf-4e49-9168-cb49c698dcee",
    "data": [
      {
        "text": "I want to see a teller",
        "userDefined": false
      }
    ],
    "isTemplate": false,
    "count": 0,
    "updated": 0
  },
  {
    "id": "2dd7553b-809d-4f81-a8e8-10a2bbc3d5f1",
    "data": [
      {
        "text": "I want to see a banker",
        "userDefined": false
      }
    ],
    "isTemplate": false,
    "count": 0,
    "updated": 0
  },
  {
    "id": "f807a781-4d5f-4ae4-a0e4-37fb7e774518",
    "data": [
      {
        "text": "set up an account",
        "userDefined": false
      }
    ],
    "isTemplate": false,
    "count": 0,
    "updated": 0
  },
  {
    "id": "e15c8ea6-81a6-475a-917f-a38363b0642a",
    "data": [
      {
        "text": "Can I talk to a banker",
        "userDefined": false
      }
    ],
    "isTemplate": false,
    "count": 0,
    "updated": 0
  },
  {
    "id": "cf248c12-fd32-4750-b8bd-3f98fd35148f",
    "data": [
      {
        "text": "Make a reservation",
        "userDefined": false
      }
    ],
    "isTemplate": false,
    "count": 0,
    "updated": 0
  },
  {
    "id": "da82e511-8498-449b-a3c3-d2459d735d66",
    "data": [
      {
        "text": "Can I talk to a rep?",
        "userDefined": false
      }
    ],
    "isTemplate": false,
    "count": 0,
    "updated": 0
  },
  {
    "id": "0f7f298c-fffd-4ba7-a6e8-90b98629611e",
    "data": [
      {
        "text": "I want to talk to a banker",
        "userDefined": false
      }
    ],
    "isTemplate": false,
    "count": 0,
    "updated": 0
  },
  {
    "id": "b1bc6129-533c-4c53-9363-09f58f6e5b22",
    "data": [
      {
        "text": "set up a new account",
        "userDefined": false
      }
    ],
    "isTemplate": false,
    "count": 0,
    "updated": 0
  }
]