[
  {
    "id": "5cfc9e04-b6df-4a69-89da-c529f855f4a4",
    "data": [
      {
        "text": "opening an account in ",
        "userDefined": false
      },
      {
        "text": "France",
        "alias": "geo-country",
        "meta": "@sys.geo-country",
        "userDefined": false
      }
    ],
    "isTemplate": false,
    "count": 0,
    "updated": 0
  },
  {
    "id": "141a77dd-cf9f-44c3-a514-2b85c80bd028",
    "data": [
      {
        "text": "I want to open a account in ",
        "userDefined": false
      },
      {
        "text": "China",
        "alias": "geo-country",
        "meta": "@sys.geo-country",
        "userDefined": false
      }
    ],
    "isTemplate": false,
    "count": 0,
    "updated": 0
  },
  {
    "id": "8366903d-32ee-4211-b8aa-e7fb550fcc3d",
    "data": [
      {
        "text": "opening an account in another country",
        "userDefined": false
      }
    ],
    "isTemplate": false,
    "count": 0,
    "updated": 0
  },
  {
    "id": "073b6b9f-3ad7-422e-abda-10ecfd6c8fb0",
    "data": [
      {
        "text": "global banking",
        "userDefined": false
      }
    ],
    "isTemplate": false,
    "count": 0,
    "updated": 0
  },
  {
    "id": "e7f40ee0-879d-4063-99bf-bddff19a4a9f",
    "data": [
      {
        "text": "foreign account",
        "userDefined": false
      }
    ],
    "isTemplate": false,
    "count": 0,
    "updated": 0
  },
  {
    "id": "fef6603b-eb28-4e1e-a698-b423472d9a2a",
    "data": [
      {
        "text": "overseas account",
        "userDefined": false
      }
    ],
    "isTemplate": false,
    "count": 0,
    "updated": 0
  },
  {
    "id": "eb774d2a-6220-4af2-ab2b-d8f4338cf414",
    "data": [
      {
        "text": "international account",
        "userDefined": false
      }
    ],
    "isTemplate": false,
    "count": 0,
    "updated": 0
  },
  {
    "id": "afb53764-7c9c-4054-bd11-bd6602da883d",
    "data": [
      {
        "text": "I want to open an account in another country",
        "userDefined": false
      }
    ],
    "isTemplate": false,
    "count": 0,
    "updated": 0
  }
]