[
  {
    "id": "e1dc3c27-7434-4bb9-a4f0-5e2403997ea5",
    "data": [
      {
        "text": "absolutely",
        "userDefined": false
      }
    ],
    "isTemplate": false,
    "count": 0,
    "updated": 0
  },
  {
    "id": "42618de9-4364-4d8f-85ad-1f8593bdc0d4",
    "data": [
      {
        "text": "why not",
        "userDefined": false
      }
    ],
    "isTemplate": false,
    "count": 0,
    "updated": 0
  },
  {
    "id": "10028b30-686f-43e8-8dcb-4817b61f0fd9",
    "data": [
      {
        "text": "yeah",
        "userDefined": false
      }
    ],
    "isTemplate": false,
    "count": 0,
    "updated": 0
  },
  {
    "id": "69370b32-416c-4079-9214-6159f759289f",
    "data": [
      {
        "text": "yes, another method",
        "userDefined": false
      }
    ],
    "isTemplate": false,
    "count": 0,
    "updated": 0
  },
  {
    "id": "44aaa926-0d7c-49a1-a4d7-4f0c9bd3e38a",
    "data": [
      {
        "text": "i agree",
        "userDefined": false
      }
    ],
    "isTemplate": false,
    "count": 0,
    "updated": 0
  },
  {
    "id": "71ad4e93-2c8a-4bb8-a240-a676980d884c",
    "data": [
      {
        "text": "okay",
        "userDefined": false
      }
    ],
    "isTemplate": false,
    "count": 0,
    "updated": 0
  },
  {
    "id": "4b8b50ef-5a10-42e3-a860-fb0afacf73df",
    "data": [
      {
        "text": "confirm",
        "userDefined": false
      }
    ],
    "isTemplate": false,
    "count": 0,
    "updated": 0
  },
  {
    "id": "26519313-d39f-4c81-b554-9f7783009a5b",
    "data": [
      {
        "text": "ya",
        "userDefined": false
      }
    ],
    "isTemplate": false,
    "count": 0,
    "updated": 0
  },
  {
    "id": "a3db6594-2f5d-4b97-ada1-3d73eee41db4",
    "data": [
      {
        "text": "alright",
        "userDefined": false
      }
    ],
    "isTemplate": false,
    "count": 0,
    "updated": 0
  },
  {
    "id": "3e396325-aa23-4148-8015-9e4a30991db1",
    "data": [
      {
        "text": "ok",
        "userDefined": false
      }
    ],
    "isTemplate": false,
    "count": 0,
    "updated": 0
  },
  {
    "id": "34c1ad1c-f0ff-46f0-b327-e02ee122c43d",
    "data": [
      {
        "text": "where\u0027s the application available?",
        "userDefined": false
      }
    ],
    "isTemplate": false,
    "count": 0,
    "updated": 0
  },
  {
    "id": "4b4954f3-08cd-4ba1-bde3-333963d975bf",
    "data": [
      {
        "text": "I want the info",
        "userDefined": false
      }
    ],
    "isTemplate": false,
    "count": 0,
    "updated": 0
  },
  {
    "id": "1cc31437-ef7c-40a5-8110-2bf6b359c2aa",
    "data": [
      {
        "text": "okey dokey",
        "userDefined": false
      }
    ],
    "isTemplate": false,
    "count": 0,
    "updated": 0
  },
  {
    "id": "3399b0ca-ae58-407f-998a-5c88fbfae772",
    "data": [
      {
        "text": "yep",
        "userDefined": false
      }
    ],
    "isTemplate": false,
    "count": 0,
    "updated": 0
  },
  {
    "id": "2baf80e7-c0b5-4e45-9242-2899409ca679",
    "data": [
      {
        "text": "of course",
        "userDefined": false
      }
    ],
    "isTemplate": false,
    "count": 0,
    "updated": 0
  },
  {
    "id": "5227ccbe-9e2a-474c-8c25-6fc9956a07e2",
    "data": [
      {
        "text": "i want the link",
        "userDefined": false
      }
    ],
    "isTemplate": false,
    "count": 0,
    "updated": 0
  },
  {
    "id": "17c8cdba-663b-43a1-b796-81b7ca83bc54",
    "data": [
      {
        "text": "try something else",
        "userDefined": false
      }
    ],
    "isTemplate": false,
    "count": 0,
    "updated": 0
  },
  {
    "id": "1ff253d5-daa4-4f7a-8857-ce9d2713070f",
    "data": [
      {
        "text": "send me the info",
        "userDefined": false
      }
    ],
    "isTemplate": false,
    "count": 0,
    "updated": 0
  },
  {
    "id": "ee5abdc5-39e3-4e53-af52-5315494dfda5",
    "data": [
      {
        "text": "try another method",
        "userDefined": false
      }
    ],
    "isTemplate": false,
    "count": 0,
    "updated": 0
  },
  {
    "id": "dfa83154-ce8f-462c-962a-2f30ea01519d",
    "data": [
      {
        "text": "sure, give me the info",
        "userDefined": false
      }
    ],
    "isTemplate": false,
    "count": 0,
    "updated": 0
  },
  {
    "id": "1a742084-c591-4836-aff4-4383d8008a33",
    "data": [
      {
        "text": "i will",
        "userDefined": false
      }
    ],
    "isTemplate": false,
    "count": 0,
    "updated": 0
  },
  {
    "id": "b73d73f5-6be0-48e9-a020-fec65edbf26b",
    "data": [
      {
        "text": "send me the link",
        "userDefined": false
      }
    ],
    "isTemplate": false,
    "count": 0,
    "updated": 0
  },
  {
    "id": "682c6dda-3ec3-41e8-a860-4d49ca50d501",
    "data": [
      {
        "text": "i don\u0027t mind",
        "userDefined": false
      }
    ],
    "isTemplate": false,
    "count": 0,
    "updated": 0
  },
  {
    "id": "0ef95304-728d-47a8-8495-b10446616b29",
    "data": [
      {
        "text": "yes",
        "userDefined": false
      }
    ],
    "isTemplate": false,
    "count": 0,
    "updated": 0
  },
  {
    "id": "d1b08f90-f380-4aed-9a7a-001f7499e13e",
    "data": [
      {
        "text": "i do",
        "userDefined": false
      }
    ],
    "isTemplate": false,
    "count": 0,
    "updated": 0
  },
  {
    "id": "e8a5616c-c81f-4e01-9c5f-eb5fdb50c2ba",
    "data": [
      {
        "text": "go ahead",
        "userDefined": false
      }
    ],
    "isTemplate": false,
    "count": 0,
    "updated": 0
  },
  {
    "id": "e23f46e0-44b4-49b4-ba49-e76d8604c58e",
    "data": [
      {
        "text": "begin",
        "userDefined": false
      }
    ],
    "isTemplate": false,
    "count": 0,
    "updated": 0
  },
  {
    "id": "95b8af86-5050-46c9-a7ec-2e69eae453fb",
    "data": [
      {
        "text": "start",
        "userDefined": false
      }
    ],
    "isTemplate": false,
    "count": 0,
    "updated": 0
  },
  {
    "id": "5ee5a408-55fe-4812-a788-297d26f18dee",
    "data": [
      {
        "text": "sure",
        "userDefined": false
      }
    ],
    "isTemplate": false,
    "count": 0,
    "updated": 0
  }
]