[
  {
    "id": "bc212582-2b44-44a2-a9de-076fb2c3a992",
    "data": [
      {
        "text": "yamini+hsbc@1201am.com",
        "alias": "emailRecipient",
        "meta": "@sys.any",
        "userDefined": false
      }
    ],
    "isTemplate": false,
    "count": 0,
    "updated": 0
  },
  {
    "id": "26a9df31-5d57-40d1-b392-16d54f8eacde",
    "data": [
      {
        "text": "yamini@1201am.com",
        "alias": "emailRecipient",
        "meta": "@sys.any",
        "userDefined": true
      }
    ],
    "isTemplate": false,
    "count": 0,
    "updated": 0
  },
  {
    "id": "243bb4f5-2be0-4185-bb38-bacce9bd46ff",
    "data": [
      {
        "text": "WimpyBeauty@mailinator.com",
        "alias": "emailRecipient",
        "meta": "@sys.any",
        "userDefined": true
      }
    ],
    "isTemplate": false,
    "count": 0,
    "updated": 0
  },
  {
    "id": "5efec98f-115a-41e7-8322-be7d48ab0138",
    "data": [
      {
        "text": "test@test.com",
        "alias": "emailRecipient",
        "meta": "@sys.any",
        "userDefined": true
      }
    ],
    "isTemplate": false,
    "count": 0,
    "updated": 0
  },
  {
    "id": "361fa086-d028-498d-9ece-b0d306c8730f",
    "data": [
      {
        "text": "laura.meyer@softbankrobotics.com",
        "alias": "emailRecipient",
        "meta": "@sys.any",
        "userDefined": true
      }
    ],
    "isTemplate": false,
    "count": 0,
    "updated": 0
  },
  {
    "id": "f260621e-8b4c-4c5c-9695-6b86a3770758",
    "data": [
      {
        "text": "john@doe.com",
        "alias": "emailRecipient",
        "meta": "@sys.any",
        "userDefined": true
      }
    ],
    "isTemplate": false,
    "count": 0,
    "updated": 0
  },
  {
    "id": "5eaee86d-5759-4d12-98f0-d8d384b59d25",
    "data": [
      {
        "text": "SugarBobster@mailinator.com",
        "alias": "emailRecipient",
        "meta": "@sys.any",
        "userDefined": true
      }
    ],
    "isTemplate": false,
    "count": 0,
    "updated": 0
  },
  {
    "id": "3b583476-c6d3-476a-972e-8e016aad3215",
    "data": [
      {
        "text": "ymmybocoxe-6530@yopmail.com",
        "alias": "emailRecipient",
        "meta": "@sys.any",
        "userDefined": true
      }
    ],
    "isTemplate": false,
    "count": 0,
    "updated": 0
  },
  {
    "id": "513dd81e-fe66-4c71-be0c-166cc0d761c6",
    "data": [
      {
        "text": "laurie+hsbc@1201am.com",
        "alias": "emailRecipient",
        "meta": "@sys.any",
        "userDefined": false
      }
    ],
    "isTemplate": false,
    "count": 0,
    "updated": 0
  },
  {
    "id": "4c689fd8-da21-4159-aae1-b8b3c7b15611",
    "data": [
      {
        "text": "daniel.schofield@softbankrobotics.com",
        "alias": "emailRecipient",
        "meta": "@sys.any",
        "userDefined": true
      }
    ],
    "isTemplate": false,
    "count": 0,
    "updated": 0
  }
]