[
  {
    "id": "6a28d1b6-522a-483b-bc04-d96723f9c76b",
    "data": [
      {
        "text": "I want to open a Performance Chequing Limited",
        "userDefined": false
      }
    ],
    "isTemplate": false,
    "count": 0,
    "updated": 0
  },
  {
    "id": "79e0caed-cf0f-47b8-b9d7-1e96bc65cf87",
    "data": [
      {
        "text": "I want to open a Chequing Limited",
        "userDefined": false
      }
    ],
    "isTemplate": false,
    "count": 0,
    "updated": 0
  },
  {
    "id": "3d2f74e1-f058-4c2f-a366-bdc85beaccd0",
    "data": [
      {
        "text": "I want to open a Limited chequing account",
        "userDefined": false
      }
    ],
    "isTemplate": false,
    "count": 0,
    "updated": 0
  },
  {
    "id": "9ea8f9ad-9e98-4fa0-9ff4-d72e8c91deaf",
    "data": [
      {
        "text": "Limited Chequing Account",
        "userDefined": false
      }
    ],
    "isTemplate": false,
    "count": 0,
    "updated": 0
  },
  {
    "id": "19fb918b-423f-4d42-ad72-2845be3c718a",
    "data": [
      {
        "text": "Limited Account",
        "userDefined": false
      }
    ],
    "isTemplate": false,
    "count": 0,
    "updated": 0
  },
  {
    "id": "4bb046f1-8fe1-4e78-bb0f-db5c53f6c1b1",
    "data": [
      {
        "text": "Chequing Limited",
        "userDefined": false
      }
    ],
    "isTemplate": false,
    "count": 0,
    "updated": 0
  },
  {
    "id": "43578c1a-605d-4612-8426-089807cac37f",
    "data": [
      {
        "text": "Let\u0027s go with Performance Chequing Limited",
        "userDefined": false
      }
    ],
    "isTemplate": false,
    "count": 0,
    "updated": 0
  },
  {
    "id": "542074ad-3ee3-4af5-99be-d43f41532424",
    "data": [
      {
        "text": "Tell me more about Limited Chequing",
        "userDefined": false
      }
    ],
    "isTemplate": false,
    "count": 0,
    "updated": 0
  },
  {
    "id": "c5ea0ea4-221b-4cc6-b5ac-692c20891e48",
    "data": [
      {
        "text": "I want to learn more about Performance Chequing Limited",
        "userDefined": false
      }
    ],
    "isTemplate": false,
    "count": 0,
    "updated": 0
  },
  {
    "id": "cb553e07-1606-4e9e-b6de-0222228a8780",
    "data": [
      {
        "text": "Can I get a Chequing Limited Account?",
        "userDefined": false
      }
    ],
    "isTemplate": false,
    "count": 0,
    "updated": 0
  },
  {
    "id": "1b299450-2fae-41bf-b9ae-da160fb08ffc",
    "data": [
      {
        "text": "Performance Chequing-Limited",
        "userDefined": false
      }
    ],
    "isTemplate": false,
    "count": 0,
    "updated": 0
  },
  {
    "id": "7e70d1b9-13b5-4fb8-85f1-6a67e5120d3e",
    "data": [
      {
        "text": "Can I get a basic account?",
        "userDefined": false
      }
    ],
    "isTemplate": false,
    "count": 0,
    "updated": 0
  },
  {
    "id": "6adede92-f8e8-4618-8a11-dad5d2998b6b",
    "data": [
      {
        "text": "I want Basic checking",
        "userDefined": false
      }
    ],
    "isTemplate": false,
    "count": 0,
    "updated": 0
  },
  {
    "id": "36f31313-c31f-437a-a9bb-a3b7d0d4ff76",
    "data": [
      {
        "text": "Basic banking is good",
        "userDefined": false
      }
    ],
    "isTemplate": false,
    "count": 0,
    "updated": 0
  },
  {
    "id": "a4616536-8fcf-4b41-8f25-38c622153696",
    "data": [
      {
        "text": "Let\u0027s go with Basic checking",
        "userDefined": false
      }
    ],
    "isTemplate": false,
    "count": 0,
    "updated": 0
  }
]