[
  {
    "id": "78ea4c76-f9d2-4d32-a959-aa5e4cb4966c",
    "data": [
      {
        "text": "return to menu without prompt",
        "userDefined": false
      }
    ],
    "isTemplate": false,
    "count": 0,
    "updated": 0
  },
  {
    "id": "65d0e028-3214-49aa-9300-c42efcf0a3cb",
    "data": [
      {
        "text": "reset to main",
        "userDefined": false
      }
    ],
    "isTemplate": false,
    "count": 0,
    "updated": 0
  },
  {
    "id": "edec6223-8ca4-4d24-8d80-4c7a9bfeff29",
    "data": [
      {
        "text": "reset",
        "userDefined": false
      }
    ],
    "isTemplate": false,
    "count": 0,
    "updated": 0
  },
  {
    "id": "a4d7e998-2586-49c8-9006-def3aae8adc7",
    "data": [
      {
        "text": "return to the menu without prompt",
        "userDefined": false
      }
    ],
    "isTemplate": false,
    "count": 0,
    "updated": 0
  }
]