[
  {
    "id": "0128d3fb-2294-4a2d-abac-fdfcce9d5e6c",
    "data": [
      {
        "text": "Tell me about Savings Accounts",
        "userDefined": false
      }
    ],
    "isTemplate": false,
    "count": 0,
    "updated": 0
  },
  {
    "id": "133496c1-cd5e-4e19-9ce0-f7dae25ab87f",
    "data": [
      {
        "text": "Saving account",
        "userDefined": false
      }
    ],
    "isTemplate": false,
    "count": 1,
    "updated": 0
  },
  {
    "id": "4cfb4595-1bc6-4a20-87cb-f69c2fb02a2c",
    "data": [
      {
        "text": "How can I save money?",
        "userDefined": false
      }
    ],
    "isTemplate": false,
    "count": 0,
    "updated": 0
  },
  {
    "id": "29388ed6-e91a-4b34-9933-85ae76a9a10d",
    "data": [
      {
        "text": "What savings account do you have?",
        "userDefined": false
      }
    ],
    "isTemplate": false,
    "count": 0,
    "updated": 0
  },
  {
    "id": "c88146fb-b44b-40fc-bb1e-c07121d347bf",
    "data": [
      {
        "text": "Tell me how to save money",
        "userDefined": false
      }
    ],
    "isTemplate": false,
    "count": 0,
    "updated": 0
  },
  {
    "id": "041ef6d7-a5b8-42cc-a29a-5fa91fd7b3f7",
    "data": [
      {
        "text": "Where can I save my money?",
        "userDefined": false
      }
    ],
    "isTemplate": false,
    "count": 0,
    "updated": 0
  },
  {
    "id": "a7d4767b-030d-45f2-aded-d6f211342575",
    "data": [
      {
        "text": "I want to save money",
        "userDefined": false
      }
    ],
    "isTemplate": false,
    "count": 0,
    "updated": 0
  },
  {
    "id": "ed8a7268-9635-4992-a059-46696185c9f9",
    "data": [
      {
        "text": "I need help with savings",
        "userDefined": false
      }
    ],
    "isTemplate": false,
    "count": 0,
    "updated": 0
  },
  {
    "id": "d6cc1162-611f-403c-b3cc-cfb74b610eba",
    "data": [
      {
        "text": "I need savings",
        "userDefined": false
      }
    ],
    "isTemplate": false,
    "count": 0,
    "updated": 0
  },
  {
    "id": "c459b88d-88f4-4923-98cc-0c3dc253d8f4",
    "data": [
      {
        "text": "Savings Account",
        "userDefined": false
      }
    ],
    "isTemplate": false,
    "count": 0,
    "updated": 0
  },
  {
    "id": "f713e67d-b0c6-4685-928f-1d436c74e610",
    "data": [
      {
        "text": "I want to open a savings account",
        "userDefined": false
      }
    ],
    "isTemplate": false,
    "count": 0,
    "updated": 0
  }
]