[
  {
    "id": "4409d013-fd8c-4265-8f6f-8a122b651d83",
    "data": [
      {
        "text": "Premier World",
        "meta": "@sys.ignore",
        "userDefined": false
      }
    ],
    "isTemplate": false,
    "count": 0,
    "updated": 0
  },
  {
    "id": "933168c2-d87a-4338-844f-fc5f1fb8d224",
    "data": [
      {
        "text": "Premier World",
        "meta": "@sys.ignore",
        "userDefined": false
      },
      {
        "text": " Elite",
        "userDefined": false
      }
    ],
    "isTemplate": false,
    "count": 0,
    "updated": 0
  },
  {
    "id": "09599ae8-7ae7-4cca-9d54-aca295e01106",
    "data": [
      {
        "text": "I want to learn about HSBC ",
        "userDefined": false
      },
      {
        "text": "Premier World Elite Mastercard",
        "meta": "@sys.ignore",
        "userDefined": false
      }
    ],
    "isTemplate": false,
    "count": 0,
    "updated": 0
  },
  {
    "id": "a27e6c05-eb9b-478d-a25f-fad46f9b559e",
    "data": [
      {
        "text": "Tell me about HSBC ",
        "userDefined": false
      },
      {
        "text": "Premier World Elite Mastercard",
        "meta": "@sys.ignore",
        "userDefined": false
      }
    ],
    "isTemplate": false,
    "count": 0,
    "updated": 0
  },
  {
    "id": "c54d3a24-4af1-4557-b32e-4c274a26151f",
    "data": [
      {
        "text": "HSBC ",
        "userDefined": false
      },
      {
        "text": "Premier World Elite Mastercard",
        "meta": "@sys.ignore",
        "userDefined": false
      }
    ],
    "isTemplate": false,
    "count": 0,
    "updated": 0
  },
  {
    "id": "d54f0811-ba8c-4a69-b1af-dac3ea247782",
    "data": [
      {
        "text": "how can I get the ",
        "userDefined": false
      },
      {
        "text": "premier world",
        "meta": "@sys.ignore",
        "userDefined": true
      },
      {
        "text": " card?",
        "userDefined": false
      }
    ],
    "isTemplate": false,
    "count": 0,
    "updated": 0
  },
  {
    "id": "0d26f3cc-a9c9-4d16-9f93-d813f8784187",
    "data": [
      {
        "text": "premier travel card",
        "userDefined": false
      }
    ],
    "isTemplate": false,
    "count": 0,
    "updated": 0
  },
  {
    "id": "eb830680-09a5-4185-98ef-414232191641",
    "data": [
      {
        "text": "I\u0027d like to apply for the ",
        "userDefined": false
      },
      {
        "text": "Premier World",
        "meta": "@sys.ignore",
        "userDefined": true
      },
      {
        "text": " card",
        "userDefined": false
      }
    ],
    "isTemplate": false,
    "count": 0,
    "updated": 0
  },
  {
    "id": "ef7869ae-21a3-4b5e-b0dc-12e787fe7d9e",
    "data": [
      {
        "text": "premier world",
        "meta": "@sys.ignore",
        "userDefined": true
      },
      {
        "text": " card",
        "userDefined": false
      }
    ],
    "isTemplate": false,
    "count": 0,
    "updated": 0
  },
  {
    "id": "d2636a3c-5e99-46bd-9d2c-4106bdc4ab69",
    "data": [
      {
        "text": "Premier World",
        "meta": "@sys.ignore",
        "userDefined": true
      },
      {
        "text": " credit card",
        "userDefined": false
      }
    ],
    "isTemplate": false,
    "count": 0,
    "updated": 0
  },
  {
    "id": "4eca5d4d-f45a-4fef-b819-0dd73c539f00",
    "data": [
      {
        "text": "Premier World Mastercard",
        "meta": "@sys.ignore",
        "userDefined": false
      }
    ],
    "isTemplate": false,
    "count": 0,
    "updated": 0
  },
  {
    "id": "5b9db8ee-1564-4823-ac6a-f5c5a6c07519",
    "data": [
      {
        "text": "I want a ",
        "userDefined": false
      },
      {
        "text": "premier world",
        "meta": "@sys.ignore",
        "userDefined": true
      },
      {
        "text": " card",
        "userDefined": false
      }
    ],
    "isTemplate": false,
    "count": 0,
    "updated": 0
  }
]