[
  {
    "id": "37b4a8b1-3c38-4675-acbb-2fccb5c710f0",
    "data": [
      {
        "text": "What about HSBC Premier Chequing",
        "userDefined": false
      }
    ],
    "isTemplate": false,
    "count": 0,
    "updated": 0
  },
  {
    "id": "60b67173-798d-443a-bdd2-84e04e52b5be",
    "data": [
      {
        "text": "HSBC Premier Chequing",
        "userDefined": false
      }
    ],
    "isTemplate": false,
    "count": 0,
    "updated": 0
  },
  {
    "id": "8052e289-70e5-4bb8-8a88-7343661ef649",
    "data": [
      {
        "text": "What about Premier Checking?",
        "userDefined": false
      }
    ],
    "isTemplate": false,
    "count": 0,
    "updated": 0
  },
  {
    "id": "6e2574fd-bc16-4234-be2c-3051af468bcd",
    "data": [
      {
        "text": "I want to open a Premier Checking account",
        "userDefined": false
      }
    ],
    "isTemplate": false,
    "count": 0,
    "updated": 0
  },
  {
    "id": "2f03619a-1dae-439e-8b64-83180c405b1e",
    "data": [
      {
        "text": "Premier Checking",
        "userDefined": false
      }
    ],
    "isTemplate": false,
    "count": 0,
    "updated": 0
  },
  {
    "id": "562db437-2f03-4dae-b13a-4a8590f5d9e6",
    "data": [
      {
        "text": "I want to learn about Premier Checking",
        "userDefined": false
      }
    ],
    "isTemplate": false,
    "count": 0,
    "updated": 0
  },
  {
    "id": "b2a974ee-feb4-4a30-a2c8-4f60196e0b7e",
    "data": [
      {
        "text": "Tell me about Premier Checking",
        "userDefined": false
      }
    ],
    "isTemplate": false,
    "count": 0,
    "updated": 0
  }
]