[
  {
    "id": "2cec56a7-f4d2-4d98-ab83-e6ca13bec233",
    "data": [
      {
        "text": "Home button",
        "userDefined": false
      }
    ],
    "isTemplate": false,
    "count": 0,
    "updated": 0
  },
  {
    "id": "675e0b38-709a-470e-9bbf-b1f76918aeb2",
    "data": [
      {
        "text": "What do you know?",
        "userDefined": false
      }
    ],
    "isTemplate": false,
    "count": 0,
    "updated": 0
  },
  {
    "id": "8533b5dd-8df5-408b-a2e5-4e2e13955421",
    "data": [
      {
        "text": "Return to Main Menu",
        "userDefined": false
      }
    ],
    "isTemplate": false,
    "count": 0,
    "updated": 0
  },
  {
    "id": "bbcc316c-dda0-403f-ab0b-e7fec7842487",
    "data": [
      {
        "text": "Start over",
        "userDefined": false
      }
    ],
    "isTemplate": false,
    "count": 0,
    "updated": 0
  },
  {
    "id": "8d67895f-6876-4ed5-b4eb-765937aac80b",
    "data": [
      {
        "text": "Intro",
        "userDefined": false
      }
    ],
    "isTemplate": false,
    "count": 0,
    "updated": 0
  },
  {
    "id": "bc88811c-2627-4443-95ca-f3887b6898b2",
    "data": [
      {
        "text": "What can I ask you?",
        "userDefined": false
      }
    ],
    "isTemplate": false,
    "count": 1,
    "updated": 0
  },
  {
    "id": "24d1f14b-42d6-4863-9861-2ff36b1419c6",
    "data": [
      {
        "text": "Back to the beginning",
        "userDefined": false
      }
    ],
    "isTemplate": false,
    "count": 0,
    "updated": 0
  },
  {
    "id": "48d73b5a-c9b2-421b-88f8-161567e375b0",
    "data": [
      {
        "text": "Main Menu",
        "userDefined": false
      }
    ],
    "isTemplate": false,
    "count": 0,
    "updated": 0
  },
  {
    "id": "7f79f575-3472-4119-a204-2dfd8e154c8c",
    "data": [
      {
        "text": "Go back to main menu",
        "userDefined": false
      }
    ],
    "isTemplate": false,
    "count": 0,
    "updated": 0
  },
  {
    "id": "07279d40-3b61-489f-b110-08412a2e27a7",
    "data": [
      {
        "text": "What can you help me with?",
        "userDefined": false
      }
    ],
    "isTemplate": false,
    "count": 1,
    "updated": 0
  },
  {
    "id": "514703af-d489-41e5-89b8-4dcb791bc247",
    "data": [
      {
        "text": "Landing page",
        "userDefined": false
      }
    ],
    "isTemplate": false,
    "count": 0,
    "updated": 0
  },
  {
    "id": "facd508c-f91a-45a1-90e8-91a12cf3ca6d",
    "data": [
      {
        "text": "Go Home",
        "userDefined": false
      }
    ],
    "isTemplate": false,
    "count": 0,
    "updated": 0
  },
  {
    "id": "aba210c5-cc19-426d-83de-03bd863d790c",
    "data": [
      {
        "text": "Tell me something",
        "userDefined": false
      }
    ],
    "isTemplate": false,
    "count": 0,
    "updated": 0
  }
]