[
  {
    "id": "2c9b5fd4-c6de-46ac-9051-be316a0bd5f6",
    "data": [
      {
        "text": "don\u0027t send me anything",
        "userDefined": false
      }
    ],
    "isTemplate": false,
    "count": 0,
    "updated": 0
  },
  {
    "id": "688d4cdf-1b02-4627-aa65-7b7d2aa850c4",
    "data": [
      {
        "text": "I\u0027ve changed my mind",
        "userDefined": false
      }
    ],
    "isTemplate": false,
    "count": 0,
    "updated": 0
  },
  {
    "id": "09b61857-78af-4839-aa85-91402b74ff9b",
    "data": [
      {
        "text": "no thanks",
        "userDefined": false
      }
    ],
    "isTemplate": false,
    "count": 0,
    "updated": 0
  },
  {
    "id": "5df67f95-2205-4e9a-94d0-6712cfa8c7fd",
    "data": [
      {
        "text": "nope",
        "userDefined": false
      }
    ],
    "isTemplate": false,
    "count": 0,
    "updated": 0
  },
  {
    "id": "09208976-2cdb-417f-9ed8-0b8599d7ba7d",
    "data": [
      {
        "text": "forget it",
        "userDefined": false
      }
    ],
    "isTemplate": false,
    "count": 0,
    "updated": 0
  },
  {
    "id": "79c45057-5206-4b02-8bb2-af9547ee1b58",
    "data": [
      {
        "text": "no way",
        "userDefined": false
      }
    ],
    "isTemplate": false,
    "count": 0,
    "updated": 0
  },
  {
    "id": "6548cf31-6cf6-4d8f-befb-18712c477d50",
    "data": [
      {
        "text": "nah",
        "userDefined": false
      }
    ],
    "isTemplate": false,
    "count": 0,
    "updated": 0
  },
  {
    "id": "9c89adec-6c8f-4b7e-b9cc-55b041b862ae",
    "data": [
      {
        "text": "I\u0027ll pass",
        "userDefined": false
      }
    ],
    "isTemplate": false,
    "count": 0,
    "updated": 0
  },
  {
    "id": "2f0454a6-50e5-4579-a652-cbbd8d8e1888",
    "data": [
      {
        "text": "no",
        "userDefined": false
      }
    ],
    "isTemplate": false,
    "count": 0,
    "updated": 0
  },
  {
    "id": "3d96deda-82c2-4a60-a586-4136cac7f912",
    "data": [
      {
        "text": "Some other time",
        "userDefined": false
      }
    ],
    "isTemplate": false,
    "count": 0,
    "updated": 0
  },
  {
    "id": "e79adfd9-b92f-4a28-bb5c-8c8a83d97085",
    "data": [
      {
        "text": "never mind",
        "userDefined": false
      }
    ],
    "isTemplate": false,
    "count": 0,
    "updated": 0
  },
  {
    "id": "41c38f63-6baa-4e00-9010-0afc6f41d14d",
    "data": [
      {
        "text": "not now",
        "userDefined": false
      }
    ],
    "isTemplate": false,
    "count": 0,
    "updated": 0
  },
  {
    "id": "c86f6e8d-9515-4ae2-8f01-6d31d44bed3d",
    "data": [
      {
        "text": "i don\u0027t want a link",
        "userDefined": false
      }
    ],
    "isTemplate": false,
    "count": 0,
    "updated": 0
  },
  {
    "id": "ffef9109-8f81-4f8d-a1a0-72249ba5bdd7",
    "data": [
      {
        "text": "forget about it",
        "userDefined": false
      }
    ],
    "isTemplate": false,
    "count": 0,
    "updated": 0
  },
  {
    "id": "c6312d82-5e46-4021-b4f2-e717dfb50894",
    "data": [
      {
        "text": "heck no",
        "userDefined": false
      }
    ],
    "isTemplate": false,
    "count": 0,
    "updated": 0
  }
]