[
  {
    "id": "76130481-47bb-4a3b-8dec-2231e0e32769",
    "data": [
      {
        "text": "4049391234",
        "alias": "phoneNumber",
        "meta": "@sys.any",
        "userDefined": false
      }
    ],
    "isTemplate": false,
    "count": 0,
    "updated": 0
  },
  {
    "id": "570b5c6a-e76f-4e08-a84e-1230c91ff0da",
    "data": [
      {
        "text": "+",
        "userDefined": false
      },
      {
        "text": "915.908.2837",
        "alias": "phoneNumber",
        "meta": "@sys.any",
        "userDefined": false
      }
    ],
    "isTemplate": false,
    "count": 0,
    "updated": 0
  },
  {
    "id": "aa980382-4095-4ed0-9e85-2a87b85ef1e8",
    "data": [
      {
        "text": "+1 405 876 1345",
        "alias": "phoneNumber",
        "meta": "@sys.any",
        "userDefined": true
      }
    ],
    "isTemplate": false,
    "count": 0,
    "updated": 0
  },
  {
    "id": "aa3c784f-388f-4d84-be62-780948bb0e98",
    "data": [
      {
        "text": "(715) 214 2234",
        "alias": "phoneNumber",
        "meta": "@sys.any",
        "userDefined": false
      }
    ],
    "isTemplate": false,
    "count": 0,
    "updated": 0
  },
  {
    "id": "5ac68757-a505-407a-ab89-fce0d56bb104",
    "data": [
      {
        "text": "+1-770-123-1234",
        "alias": "phoneNumber",
        "meta": "@sys.any",
        "userDefined": false
      }
    ],
    "isTemplate": false,
    "count": 0,
    "updated": 0
  },
  {
    "id": "44cab1aa-665d-4e73-81b3-6e59153f1270",
    "data": [
      {
        "text": "011 91 98220 12345",
        "alias": "phoneNumber",
        "meta": "@sys.any",
        "userDefined": false
      }
    ],
    "isTemplate": false,
    "count": 0,
    "updated": 0
  },
  {
    "id": "75f7f417-2880-4b14-a55c-2255688c2833",
    "data": [
      {
        "text": "766109990",
        "alias": "phoneNumber",
        "meta": "@sys.any",
        "userDefined": false
      }
    ],
    "isTemplate": false,
    "count": 0,
    "updated": 0
  },
  {
    "id": "db7a461e-b083-436e-a839-126c22fae9aa",
    "data": [
      {
        "text": "+",
        "userDefined": false
      },
      {
        "text": "770-932-1209",
        "alias": "phoneNumber",
        "meta": "@sys.any",
        "userDefined": false
      }
    ],
    "isTemplate": false,
    "count": 0,
    "updated": 0
  },
  {
    "id": "c09300f3-235a-46e4-9e84-57c19c02c0f7",
    "data": [
      {
        "text": "+33147626378",
        "alias": "phoneNumber",
        "meta": "@sys.any",
        "userDefined": false
      }
    ],
    "isTemplate": false,
    "count": 0,
    "updated": 0
  },
  {
    "id": "427410d4-e47a-4f53-95f1-6df9eafff009",
    "data": [
      {
        "text": "+94 98123 12343",
        "alias": "phoneNumber",
        "meta": "@sys.any",
        "userDefined": false
      }
    ],
    "isTemplate": false,
    "count": 0,
    "updated": 0
  },
  {
    "id": "f509cfe4-ae03-4aae-86e1-0dab8154766d",
    "data": [
      {
        "text": "(415)123.3456",
        "alias": "phoneNumber",
        "meta": "@sys.any",
        "userDefined": true
      }
    ],
    "isTemplate": false,
    "count": 0,
    "updated": 0
  }
]