[
  {
    "id": "139d16b6-bc43-4f41-84ba-702f954e2ca6",
    "data": [
      {
        "text": "boring",
        "userDefined": false
      }
    ],
    "isTemplate": false,
    "count": 0,
    "updated": 0
  },
  {
    "id": "bb2cf21c-89d2-449d-9f34-690e07f473f2",
    "data": [
      {
        "text": "yuck",
        "userDefined": false
      }
    ],
    "isTemplate": false,
    "count": 0,
    "updated": 0
  },
  {
    "id": "ff4575bd-9918-4b5a-aef2-39ea34e94849",
    "data": [
      {
        "text": "no",
        "userDefined": false
      }
    ],
    "isTemplate": false,
    "count": 0,
    "updated": 0
  },
  {
    "id": "9eb8e9b7-a01b-4af9-9714-e3fccb375d83",
    "data": [
      {
        "text": "another time",
        "userDefined": false
      }
    ],
    "isTemplate": false,
    "count": 0,
    "updated": 0
  },
  {
    "id": "c807f3ce-c84f-4944-8737-33f900e6fa3b",
    "data": [
      {
        "text": "not now",
        "userDefined": false
      }
    ],
    "isTemplate": false,
    "count": 0,
    "updated": 0
  },
  {
    "id": "424d4f0c-87b3-4400-86c8-aa340d4a222d",
    "data": [
      {
        "text": "no thanks",
        "userDefined": false
      }
    ],
    "isTemplate": false,
    "count": 0,
    "updated": 0
  },
  {
    "id": "a3396601-de14-4541-9b33-9cc8dca348ae",
    "data": [
      {
        "text": "forget it",
        "userDefined": false
      }
    ],
    "isTemplate": false,
    "count": 0,
    "updated": 0
  },
  {
    "id": "68282523-c024-4557-b336-252514143e69",
    "data": [
      {
        "text": "i\u0027ll pass",
        "userDefined": false
      }
    ],
    "isTemplate": false,
    "count": 0,
    "updated": 0
  },
  {
    "id": "fc0b3ca8-c8f4-40a3-b63d-12297155c464",
    "data": [
      {
        "text": "no way",
        "userDefined": false
      }
    ],
    "isTemplate": false,
    "count": 0,
    "updated": 0
  },
  {
    "id": "0d15fc32-1f64-4a0f-9666-0d1d5454ae0a",
    "data": [
      {
        "text": "never mind",
        "userDefined": false
      }
    ],
    "isTemplate": false,
    "count": 0,
    "updated": 0
  },
  {
    "id": "655712a8-10ed-482d-a1e2-0ac60280d437",
    "data": [
      {
        "text": "some other time",
        "userDefined": false
      }
    ],
    "isTemplate": false,
    "count": 0,
    "updated": 0
  },
  {
    "id": "59765966-7768-466c-80e8-0258e820616c",
    "data": [
      {
        "text": "later",
        "userDefined": false
      }
    ],
    "isTemplate": false,
    "count": 0,
    "updated": 0
  },
  {
    "id": "1f2b2e02-df46-486e-a358-da650fdf4a42",
    "data": [
      {
        "text": "afterward",
        "userDefined": false
      }
    ],
    "isTemplate": false,
    "count": 0,
    "updated": 0
  },
  {
    "id": "3fda3665-8062-4faf-814c-107a042cc56a",
    "data": [
      {
        "text": "nope",
        "userDefined": false
      }
    ],
    "isTemplate": false,
    "count": 0,
    "updated": 0
  },
  {
    "id": "b63b4244-8ca2-4b3c-a856-1b0ae5d13215",
    "data": [
      {
        "text": "go away",
        "userDefined": false
      }
    ],
    "isTemplate": false,
    "count": 0,
    "updated": 0
  }
]