[
  {
    "id": "11b1e54f-4426-4998-8b98-324d7b40861a",
    "data": [
      {
        "text": "open Renminbi Savings Account",
        "userDefined": false
      }
    ],
    "isTemplate": false,
    "count": 0,
    "updated": 0
  },
  {
    "id": "aa331fb6-fdea-49f1-9126-770058e8f136",
    "data": [
      {
        "text": "Travel in ",
        "userDefined": false
      },
      {
        "text": "China",
        "meta": "@sys.ignore",
        "userDefined": false
      }
    ],
    "isTemplate": false,
    "count": 0,
    "updated": 0
  },
  {
    "id": "73d63064-311d-43f3-943d-b66f5e15cb9b",
    "data": [
      {
        "text": "save in Renminbi",
        "userDefined": false
      }
    ],
    "isTemplate": false,
    "count": 0,
    "updated": 0
  },
  {
    "id": "6d7acba2-eb0b-4479-b4df-984084707430",
    "data": [
      {
        "text": "Chinese",
        "meta": "@sys.ignore",
        "userDefined": false
      },
      {
        "text": " Savings Account",
        "userDefined": false
      }
    ],
    "isTemplate": false,
    "count": 0,
    "updated": 0
  },
  {
    "id": "a577e4de-62f2-4c89-871b-7bcf1cda5318",
    "data": [
      {
        "text": "open Savings account ",
        "userDefined": false
      },
      {
        "text": "China",
        "meta": "@sys.ignore",
        "userDefined": false
      }
    ],
    "isTemplate": false,
    "count": 0,
    "updated": 0
  },
  {
    "id": "9e5fab48-16db-4367-9db9-8bb7f280aca4",
    "data": [
      {
        "text": "Renminbi",
        "userDefined": false
      }
    ],
    "isTemplate": false,
    "count": 0,
    "updated": 0
  },
  {
    "id": "10f6ae75-ae8f-4f9d-8572-a971f20e38c9",
    "data": [
      {
        "text": "Tell me about Renminbi Savings Account",
        "userDefined": false
      }
    ],
    "isTemplate": false,
    "count": 0,
    "updated": 0
  },
  {
    "id": "27300bc1-f055-4434-bbf0-1030c0c6855a",
    "data": [
      {
        "text": "I want to learn about Renminbi Savings Account",
        "userDefined": false
      }
    ],
    "isTemplate": false,
    "count": 0,
    "updated": 0
  },
  {
    "id": "7033830c-f0e1-42d0-b986-ac7ff134718f",
    "data": [
      {
        "text": "Renminbi Savings Account",
        "userDefined": false
      }
    ],
    "isTemplate": false,
    "count": 0,
    "updated": 0
  }
]