[
  {
    "id": "1c02039e-5620-4f68-bbcd-03628a356b69",
    "data": [
      {
        "text": "going to other branches",
        "userDefined": false
      }
    ],
    "isTemplate": false,
    "count": 0,
    "updated": 0
  },
  {
    "id": "30e60721-8f21-4e34-bf20-891bc1f5c235",
    "data": [
      {
        "text": "Are you excited about going to other branches in ",
        "userDefined": false
      },
      {
        "text": "Ontario",
        "meta": "@sys.ignore",
        "userDefined": false
      },
      {
        "text": "?",
        "userDefined": false
      }
    ],
    "isTemplate": false,
    "count": 0,
    "updated": 0
  }
]