[
  {
    "id": "8afb13ca-6890-4e31-a26e-f084345942bf",
    "data": [
      {
        "text": "weather for ",
        "userDefined": false
      },
      {
        "text": "tomorrow",
        "alias": "date",
        "meta": "@sys.date",
        "userDefined": false
      }
    ],
    "isTemplate": false,
    "count": 0,
    "updated": 0
  },
  {
    "id": "b422103d-6929-4cf5-9106-64056c215669",
    "data": [
      {
        "text": "whats the forecast for ",
        "userDefined": false
      },
      {
        "text": "this afternoon",
        "alias": "timePeriod",
        "meta": "@sys.time-period",
        "userDefined": false
      }
    ],
    "isTemplate": false,
    "count": 0,
    "updated": 0
  },
  {
    "id": "23578bb0-c63f-4349-a437-095626fd69e8",
    "data": [
      {
        "text": "whats the forecast for ",
        "userDefined": false
      },
      {
        "text": "tomorrow",
        "alias": "date",
        "meta": "@sys.date",
        "userDefined": false
      },
      {
        "text": " in ",
        "userDefined": false
      },
      {
        "text": "Paris",
        "alias": "geoCity",
        "meta": "@sys.geo-city",
        "userDefined": true
      },
      {
        "text": "?",
        "userDefined": false
      }
    ],
    "isTemplate": false,
    "count": 0,
    "updated": 0
  },
  {
    "id": "3e17f35f-1125-4ada-8476-ddc4382323f9",
    "data": [
      {
        "text": "What\u0027s the weather in ",
        "userDefined": false
      },
      {
        "text": "Seattle",
        "alias": "geoCity",
        "meta": "@sys.geo-city",
        "userDefined": true
      },
      {
        "text": "?",
        "userDefined": false
      }
    ],
    "isTemplate": false,
    "count": 0,
    "updated": 0
  },
  {
    "id": "dcd05c01-9049-4cfb-81d4-825759aed90a",
    "data": [
      {
        "text": "Is it going to rain ",
        "userDefined": false
      },
      {
        "text": "tomorrow",
        "alias": "date",
        "meta": "@sys.date",
        "userDefined": true
      },
      {
        "text": "?",
        "userDefined": false
      }
    ],
    "isTemplate": false,
    "count": 0,
    "updated": 0
  },
  {
    "id": "e5d46237-2956-424e-b48e-bd25175ab76f",
    "data": [
      {
        "text": "weather forecast in ",
        "userDefined": false
      },
      {
        "text": "San Francisco",
        "alias": "geoCity",
        "meta": "@sys.geo-city",
        "userDefined": false
      },
      {
        "text": " ",
        "userDefined": false
      },
      {
        "text": "tomorrow",
        "alias": "date",
        "meta": "@sys.date",
        "userDefined": false
      }
    ],
    "isTemplate": false,
    "count": 0,
    "updated": 0
  },
  {
    "id": "ed58e46b-de08-42e1-9e6b-1fde6554365a",
    "data": [
      {
        "text": "whats the weather going to be like ",
        "userDefined": false
      },
      {
        "text": "tonight",
        "alias": "timePeriod",
        "meta": "@sys.time-period",
        "userDefined": false
      }
    ],
    "isTemplate": false,
    "count": 0,
    "updated": 0
  },
  {
    "id": "20b04499-48ff-421f-9033-3a081e93ef36",
    "data": [
      {
        "text": "Is it going to storm ",
        "userDefined": false
      },
      {
        "text": "today",
        "alias": "date",
        "meta": "@sys.date",
        "userDefined": true
      },
      {
        "text": "?",
        "userDefined": false
      }
    ],
    "isTemplate": false,
    "count": 0,
    "updated": 0
  },
  {
    "id": "4f61dc68-46b3-42cf-a4b0-ec387ef4ab1c",
    "data": [
      {
        "text": "What\u0027s the weather supposed to be",
        "userDefined": false
      }
    ],
    "isTemplate": false,
    "count": 0,
    "updated": 0
  },
  {
    "id": "68a9e0fb-6fb1-4387-ba4e-bad0607b97bc",
    "data": [
      {
        "text": "what is the weather ",
        "userDefined": false
      },
      {
        "text": "today",
        "alias": "date",
        "meta": "@sys.date",
        "userDefined": false
      }
    ],
    "isTemplate": false,
    "count": 0,
    "updated": 0
  },
  {
    "id": "b2079474-c7bc-401b-a7d7-3caf8103bd3d",
    "data": [
      {
        "text": "Is it supposed to be a good day?",
        "userDefined": false
      }
    ],
    "isTemplate": false,
    "count": 0,
    "updated": 0
  },
  {
    "id": "276720a3-e004-4205-8373-728ef12d643d",
    "data": [
      {
        "text": "whats the weather ",
        "userDefined": false
      },
      {
        "text": "later",
        "alias": "timePeriod",
        "meta": "@sys.time-period",
        "userDefined": true
      }
    ],
    "isTemplate": false,
    "count": 0,
    "updated": 0
  },
  {
    "id": "48e9d0f9-650e-4ee5-8851-f5672891bfe9",
    "data": [
      {
        "text": "whats the weather like this ",
        "userDefined": false
      },
      {
        "text": "morning",
        "alias": "timePeriod",
        "meta": "@sys.time-period",
        "userDefined": false
      },
      {
        "text": " in ",
        "userDefined": false
      },
      {
        "text": "atlanta",
        "alias": "geoCity",
        "meta": "@sys.geo-city",
        "userDefined": false
      }
    ],
    "isTemplate": false,
    "count": 0,
    "updated": 0
  },
  {
    "id": "b8c5fe8d-b954-4a7d-b06b-855b5df98337",
    "data": [
      {
        "text": "what was the weather like ",
        "userDefined": false
      },
      {
        "text": "yesterday",
        "alias": "date",
        "meta": "@sys.date",
        "userDefined": false
      }
    ],
    "isTemplate": false,
    "count": 0,
    "updated": 0
  }
]