[
  {
    "id": "02c44eec-a3cd-4ca9-93bb-64d1050df5d2",
    "data": [
      {
        "text": "Go back",
        "userDefined": false
      }
    ],
    "isTemplate": false,
    "count": 0,
    "updated": 0
  },
  {
    "id": "2d5319e5-5ca5-44d7-8061-cae74469107f",
    "data": [
      {
        "text": "Go back to results",
        "userDefined": false
      }
    ],
    "isTemplate": false,
    "count": 0,
    "updated": 0
  },
  {
    "id": "34adb285-db89-4709-9d88-516cae2f3908",
    "data": [
      {
        "text": "return to the results",
        "userDefined": false
      }
    ],
    "isTemplate": false,
    "count": 0,
    "updated": 0
  },
  {
    "id": "99b31589-3e3b-4f91-befb-99403bd571ff",
    "data": [
      {
        "text": "can you go back to results",
        "userDefined": false
      }
    ],
    "isTemplate": false,
    "count": 0,
    "updated": 0
  }
]