[
  {
    "id": "25b15cad-4d12-438d-b4ea-4c3ea62ea81d",
    "data": [
      {
        "text": "Where is the ",
        "userDefined": false
      },
      {
        "text": "closest",
        "alias": "filter_by",
        "meta": "@Yelp_Filter_By",
        "userDefined": false
      },
      {
        "text": " ",
        "userDefined": false
      },
      {
        "text": "starbucks",
        "alias": "search_term",
        "meta": "@Yelp_Search_Term",
        "userDefined": true
      }
    ],
    "isTemplate": false,
    "count": 0,
    "updated": 0
  },
  {
    "id": "856c9138-5698-4e74-8253-b9ce012f92a9",
    "data": [
      {
        "text": "Where is the ",
        "userDefined": false
      },
      {
        "text": "best",
        "alias": "filter_by",
        "meta": "@Yelp_Filter_By",
        "userDefined": false
      },
      {
        "text": " place to grab a ",
        "userDefined": false
      },
      {
        "text": "beer",
        "alias": "search_term",
        "meta": "@Yelp_Search_Term",
        "userDefined": true
      },
      {
        "text": " around here?",
        "userDefined": false
      }
    ],
    "isTemplate": false,
    "count": 0,
    "updated": 0
  },
  {
    "id": "402637a7-48f6-4382-ae57-697687d45f19",
    "data": [
      {
        "text": "Where can I eat around here?",
        "userDefined": false
      }
    ],
    "isTemplate": false,
    "count": 0,
    "updated": 0
  },
  {
    "id": "ece1124b-c946-4625-83f7-4f8339051bca",
    "data": [
      {
        "text": "Can you show me ",
        "userDefined": false
      },
      {
        "text": "vegetarian",
        "alias": "search_term",
        "meta": "@Yelp_Search_Term",
        "userDefined": true
      },
      {
        "text": " ",
        "userDefined": false
      },
      {
        "text": "restaurants",
        "alias": "search_term",
        "meta": "@Yelp_Search_Term",
        "userDefined": true
      }
    ],
    "isTemplate": false,
    "count": 1,
    "updated": 0
  },
  {
    "id": "310daaf4-f288-41b8-9e81-cb744aebf51b",
    "data": [
      {
        "text": "Can you give me ",
        "userDefined": false
      },
      {
        "text": "dinner",
        "alias": "search_term",
        "meta": "@Yelp_Search_Term",
        "userDefined": true
      },
      {
        "text": " recommendations?",
        "userDefined": false
      }
    ],
    "isTemplate": false,
    "count": 0,
    "updated": 0
  },
  {
    "id": "05ec13b4-1d9f-4576-85e5-addce8dd4ed1",
    "data": [
      {
        "text": "Where should I grab a ",
        "userDefined": false
      },
      {
        "text": "pizza",
        "alias": "search_term",
        "meta": "@Yelp_Search_Term",
        "userDefined": true
      },
      {
        "text": " around here?",
        "userDefined": false
      }
    ],
    "isTemplate": false,
    "count": 0,
    "updated": 0
  },
  {
    "id": "8e33d845-32c8-48de-becd-e1e4960adc1d",
    "data": [
      {
        "text": "Where can I get ",
        "userDefined": false
      },
      {
        "text": "Mexican",
        "alias": "search_term",
        "meta": "@Yelp_Search_Term",
        "userDefined": true
      },
      {
        "text": " ",
        "userDefined": false
      },
      {
        "text": "food",
        "meta": "@sys.ignore",
        "userDefined": false
      },
      {
        "text": "?",
        "userDefined": false
      }
    ],
    "isTemplate": false,
    "count": 0,
    "updated": 0
  },
  {
    "id": "e7e35a81-ef2b-4062-a561-d75bf30c5e90",
    "data": [
      {
        "text": "where can I find a ",
        "userDefined": false
      },
      {
        "text": "burger",
        "alias": "search_term",
        "meta": "@Yelp_Search_Term",
        "userDefined": true
      },
      {
        "text": " ",
        "userDefined": false
      },
      {
        "text": "restaurant",
        "alias": "search_term",
        "meta": "@Yelp_Search_Term",
        "userDefined": true
      },
      {
        "text": "?",
        "userDefined": false
      }
    ],
    "isTemplate": false,
    "count": 1,
    "updated": 0
  },
  {
    "id": "8057f661-b5e1-42d1-801d-f6784dbd7edf",
    "data": [
      {
        "text": "Show me nearby ",
        "userDefined": false
      },
      {
        "text": "coffee shops",
        "alias": "search_term",
        "meta": "@Yelp_Search_Term",
        "userDefined": true
      }
    ],
    "isTemplate": false,
    "count": 0,
    "updated": 0
  },
  {
    "id": "bcad2535-efbf-4559-90c2-2a130bf5f034",
    "data": [
      {
        "text": "Find nearby ",
        "userDefined": false
      },
      {
        "text": "restaurants",
        "alias": "search_term",
        "meta": "@Yelp_Search_Term",
        "userDefined": true
      }
    ],
    "isTemplate": false,
    "count": 0,
    "updated": 0
  },
  {
    "id": "8fa263a8-72fa-48a1-93d1-49541b6cc747",
    "data": [
      {
        "text": "Tell me about nearby ",
        "userDefined": false
      },
      {
        "text": "restaurants",
        "alias": "search_term",
        "meta": "@Yelp_Search_Term",
        "userDefined": true
      }
    ],
    "isTemplate": false,
    "count": 0,
    "updated": 0
  },
  {
    "id": "df0448b0-e2af-4e5d-b594-6abd632ad71f",
    "data": [
      {
        "text": "Where is the ",
        "userDefined": false
      },
      {
        "text": "best",
        "alias": "filter_by",
        "meta": "@Yelp_Filter_By",
        "userDefined": false
      },
      {
        "text": " place to get ",
        "userDefined": false
      },
      {
        "text": "gelato",
        "alias": "search_term",
        "meta": "@Yelp_Search_Term",
        "userDefined": true
      },
      {
        "text": " around here?",
        "userDefined": false
      }
    ],
    "isTemplate": false,
    "count": 0,
    "updated": 0
  },
  {
    "id": "bed9b34b-a7a2-4fd9-98c9-52b588d5fa69",
    "data": [
      {
        "text": "Show me the ",
        "userDefined": false
      },
      {
        "text": "closest",
        "alias": "filter_by",
        "meta": "@Yelp_Filter_By",
        "userDefined": true
      },
      {
        "text": " ",
        "userDefined": false
      },
      {
        "text": "Starbucks",
        "alias": "search_term",
        "meta": "@Yelp_Search_Term",
        "userDefined": true
      }
    ],
    "isTemplate": false,
    "count": 0,
    "updated": 0
  },
  {
    "id": "81cd1211-ede5-4473-ab99-dda7b99031a8",
    "data": [
      {
        "text": "Where can I get a ",
        "userDefined": false
      },
      {
        "text": "coffee",
        "alias": "search_term",
        "meta": "@Yelp_Search_Term",
        "userDefined": true
      },
      {
        "text": "?",
        "userDefined": false
      }
    ],
    "isTemplate": false,
    "count": 0,
    "updated": 0
  },
  {
    "id": "affd9e5a-9d02-42eb-8c6e-50bd84789861",
    "data": [
      {
        "text": "Where can I get a ",
        "userDefined": false
      },
      {
        "text": "steak",
        "alias": "search_term",
        "meta": "@Yelp_Search_Term",
        "userDefined": true
      },
      {
        "text": " around here?",
        "userDefined": false
      }
    ],
    "isTemplate": false,
    "count": 0,
    "updated": 0
  },
  {
    "id": "1269ab64-3840-4c07-98b9-ff15b5d6ccf5",
    "data": [
      {
        "text": "Where can I get ",
        "userDefined": false
      },
      {
        "text": "sandwiches",
        "alias": "search_term",
        "meta": "@Yelp_Search_Term",
        "userDefined": true
      }
    ],
    "isTemplate": false,
    "count": 0,
    "updated": 0
  },
  {
    "id": "1ea8371d-0b59-4a7d-ae31-39f5d8f7b281",
    "data": [
      {
        "text": "Give me a ",
        "userDefined": false
      },
      {
        "text": "food",
        "meta": "@sys.ignore",
        "userDefined": false
      },
      {
        "text": " recommendation",
        "userDefined": false
      }
    ],
    "isTemplate": false,
    "count": 0,
    "updated": 0
  },
  {
    "id": "a1817b06-5eb6-41ab-800e-6aa424bb43de",
    "data": [
      {
        "text": "Show me the ",
        "userDefined": false
      },
      {
        "text": "highest rated",
        "alias": "filter_by",
        "meta": "@Yelp_Filter_By",
        "userDefined": false
      },
      {
        "text": " ",
        "userDefined": false
      },
      {
        "text": "French",
        "alias": "search_term",
        "meta": "@Yelp_Search_Term",
        "userDefined": true
      },
      {
        "text": " ",
        "userDefined": false
      },
      {
        "text": "restaurant",
        "alias": "search_term",
        "meta": "@Yelp_Search_Term",
        "userDefined": true
      },
      {
        "text": " in this city",
        "userDefined": false
      }
    ],
    "isTemplate": false,
    "count": 0,
    "updated": 0
  },
  {
    "id": "0c7e00b5-d2db-4a13-8b73-293ba709d9d5",
    "data": [
      {
        "text": "show me ",
        "userDefined": false
      },
      {
        "text": "Asian",
        "alias": "search_term",
        "meta": "@Yelp_Search_Term",
        "userDefined": true
      },
      {
        "text": " ",
        "userDefined": false
      },
      {
        "text": "restaurants",
        "alias": "search_term",
        "meta": "@Yelp_Search_Term",
        "userDefined": true
      },
      {
        "text": " near here",
        "userDefined": false
      }
    ],
    "isTemplate": false,
    "count": 0,
    "updated": 0
  },
  {
    "id": "377963de-938f-4bd7-b49d-aadd5842035d",
    "data": [
      {
        "text": "show me nearby ",
        "userDefined": false
      },
      {
        "text": "restaurants",
        "alias": "search_term",
        "meta": "@Yelp_Search_Term",
        "userDefined": true
      }
    ],
    "isTemplate": false,
    "count": 0,
    "updated": 0
  },
  {
    "id": "05666a55-4a52-49cd-8b47-f1026824a135",
    "data": [
      {
        "text": "Where can I get some ",
        "userDefined": false
      },
      {
        "text": "juice",
        "alias": "search_term",
        "meta": "@Yelp_Search_Term",
        "userDefined": true
      },
      {
        "text": " around here",
        "userDefined": false
      }
    ],
    "isTemplate": false,
    "count": 1,
    "updated": 0
  },
  {
    "id": "6601bbf5-e352-47ca-9dcb-1191e9793a38",
    "data": [
      {
        "text": "show me ",
        "userDefined": false
      },
      {
        "text": "chinese food",
        "alias": "search_term",
        "meta": "@Yelp_Search_Term",
        "userDefined": true
      },
      {
        "text": " options",
        "userDefined": false
      }
    ],
    "isTemplate": false,
    "count": 0,
    "updated": 0
  },
  {
    "id": "3c74c717-4bdb-4d8e-a2e6-79bedce48ac7",
    "data": [
      {
        "text": "Where is the ",
        "userDefined": false
      },
      {
        "text": "nearest",
        "alias": "filter_by",
        "meta": "@Yelp_Filter_By",
        "userDefined": false
      },
      {
        "text": " ",
        "userDefined": false
      },
      {
        "text": "Cuban",
        "alias": "search_term",
        "meta": "@Yelp_Search_Term",
        "userDefined": true
      },
      {
        "text": " ",
        "userDefined": false
      },
      {
        "text": "restaurant",
        "alias": "search_term",
        "meta": "@Yelp_Search_Term",
        "userDefined": true
      },
      {
        "text": "?",
        "userDefined": false
      }
    ],
    "isTemplate": false,
    "count": 0,
    "updated": 0
  },
  {
    "id": "f360a6c2-b27e-4bcd-9bc5-6ef68d4e9e93",
    "data": [
      {
        "text": "Where can I get a ",
        "userDefined": false
      },
      {
        "text": "hamburger",
        "alias": "search_term",
        "meta": "@Yelp_Search_Term",
        "userDefined": true
      },
      {
        "text": " in ",
        "userDefined": false
      },
      {
        "text": "Paris",
        "alias": "which_city",
        "meta": "@sys.geo-city",
        "userDefined": false
      },
      {
        "text": " at this time?",
        "userDefined": false
      }
    ],
    "isTemplate": false,
    "count": 0,
    "updated": 0
  },
  {
    "id": "b20dbe64-12bb-4d02-b9e3-11eff01376a2",
    "data": [
      {
        "text": "Show me the ",
        "userDefined": false
      },
      {
        "text": "closest",
        "alias": "filter_by",
        "meta": "@Yelp_Filter_By",
        "userDefined": false
      },
      {
        "text": " ",
        "userDefined": false
      },
      {
        "text": "burrito",
        "alias": "search_term",
        "meta": "@Yelp_Search_Term",
        "userDefined": true
      },
      {
        "text": " spot",
        "userDefined": false
      }
    ],
    "isTemplate": false,
    "count": 0,
    "updated": 0
  }
]