[
  {
    "id": "83918e95-8692-480a-ad41-dfc979dcbecf",
    "data": [
      {
        "text": "the ",
        "userDefined": false
      },
      {
        "text": "first one",
        "alias": "ordinal_id",
        "meta": "@sys.ordinal",
        "userDefined": false
      }
    ],
    "isTemplate": false,
    "count": 0,
    "updated": 0
  },
  {
    "id": "058ae5f7-2f9a-449c-9e72-914549801282",
    "data": [
      {
        "text": "business ",
        "userDefined": false
      },
      {
        "text": "1",
        "alias": "business_id",
        "meta": "@sys.number",
        "userDefined": true
      }
    ],
    "isTemplate": false,
    "count": 0,
    "updated": 0
  },
  {
    "id": "d890d61f-7e2c-41e7-a130-f651fb28b289",
    "data": [
      {
        "text": "number ",
        "userDefined": false
      },
      {
        "text": "1",
        "alias": "business_id",
        "meta": "@sys.number",
        "userDefined": true
      }
    ],
    "isTemplate": false,
    "count": 0,
    "updated": 0
  },
  {
    "id": "66c620a6-fc61-463a-bcc2-0f033d958f99",
    "data": [
      {
        "text": "option ",
        "userDefined": false
      },
      {
        "text": "1",
        "alias": "business_id",
        "meta": "@sys.number",
        "userDefined": true
      }
    ],
    "isTemplate": false,
    "count": 0,
    "updated": 0
  },
  {
    "id": "12f542f1-2d99-4576-b312-92463f450a04",
    "data": [
      {
        "text": "let\u0027s see the ",
        "userDefined": false
      },
      {
        "text": "first one",
        "alias": "ordinal_id",
        "meta": "@sys.ordinal",
        "userDefined": false
      }
    ],
    "isTemplate": false,
    "count": 0,
    "updated": 0
  },
  {
    "id": "c193f6d8-b7e5-44e0-b435-8102a8207953",
    "data": [
      {
        "text": "the ",
        "userDefined": false
      },
      {
        "text": "second one",
        "alias": "ordinal_id",
        "meta": "@sys.ordinal",
        "userDefined": false
      }
    ],
    "isTemplate": false,
    "count": 0,
    "updated": 0
  },
  {
    "id": "7bb69b38-ee6f-4d3f-bac5-bc90ff8b1b91",
    "data": [
      {
        "text": "tell me about the ",
        "userDefined": false
      },
      {
        "text": "second",
        "alias": "ordinal_id",
        "meta": "@sys.ordinal",
        "userDefined": false
      },
      {
        "text": " option",
        "userDefined": false
      }
    ],
    "isTemplate": false,
    "count": 0,
    "updated": 0
  }
]