[
  {
    "id": "0322df23-4cff-407d-ad3d-356d4b896ac8",
    "data": [
      {
        "text": "Have a nice ",
        "userDefined": false
      },
      {
        "text": "weekend",
        "alias": "date-period",
        "meta": "@sys.date-period",
        "userDefined": false
      }
    ],
    "isTemplate": false,
    "count": 0,
    "updated": 0
  },
  {
    "id": "e932cf53-1f29-4982-bd7b-4d64349954c1",
    "data": [
      {
        "text": "Have a good ",
        "userDefined": false
      },
      {
        "text": "weekend",
        "alias": "date-period",
        "meta": "@sys.date-period",
        "userDefined": true
      }
    ],
    "isTemplate": false,
    "count": 0,
    "updated": 0
  },
  {
    "id": "0ddc6fc7-9e25-49ff-9485-d76d3abb77c2",
    "data": [
      {
        "text": "Enjoy the ",
        "userDefined": false
      },
      {
        "text": "weekend",
        "alias": "date-period",
        "meta": "@sys.date-period",
        "userDefined": true
      }
    ],
    "isTemplate": false,
    "count": 0,
    "updated": 0
  }
]