[
  {
    "id": "0774d919-e428-4c8c-b8a1-6c361c69a0f6",
    "data": [
      {
        "text": "I\u0027m feeling ill",
        "userDefined": false
      }
    ],
    "isTemplate": false,
    "count": 0,
    "updated": 0
  },
  {
    "id": "b0b102d3-1381-458c-b613-a7883ddd18c1",
    "data": [
      {
        "text": "I\u0027m feeling sick",
        "userDefined": false
      }
    ],
    "isTemplate": false,
    "count": 0,
    "updated": 0
  },
  {
    "id": "d50ec22e-27f7-46b7-9aed-18d11d97b523",
    "data": [
      {
        "text": "I\u0027m sick",
        "userDefined": false
      }
    ],
    "isTemplate": false,
    "count": 0,
    "updated": 0
  },
  {
    "id": "f42c2573-d6ea-468d-95c2-751175effe35",
    "data": [
      {
        "text": "I don\u0027t feel well",
        "userDefined": false
      }
    ],
    "isTemplate": false,
    "count": 0,
    "updated": 0
  },
  {
    "id": "5ced2455-5ae6-43a2-901d-29d663865f6d",
    "data": [
      {
        "text": "I\u0027m ill",
        "userDefined": false
      }
    ],
    "isTemplate": false,
    "count": 0,
    "updated": 0
  }
]