[
  {
    "id": "1287580d-8e79-4d40-948d-2cffacba563a",
    "data": [
      {
        "text": "Your head moves too much",
        "userDefined": false
      }
    ],
    "isTemplate": false,
    "count": 0,
    "updated": 0
  },
  {
    "id": "3c057e11-e0eb-457a-a60a-e543c34672dd",
    "data": [
      {
        "text": "You move your head a lot",
        "userDefined": false
      }
    ],
    "isTemplate": false,
    "count": 0,
    "updated": 0
  },
  {
    "id": "26466a12-20ae-4597-b330-82ad2b6c21f9",
    "data": [
      {
        "text": "Don\u0027t shake your head",
        "userDefined": false
      }
    ],
    "isTemplate": false,
    "count": 0,
    "updated": 0
  },
  {
    "id": "a0268dbb-5735-4f1b-b84f-f5175ff0e6b8",
    "data": [
      {
        "text": "Why your head moves so much?",
        "userDefined": false
      }
    ],
    "isTemplate": false,
    "count": 0,
    "updated": 0
  },
  {
    "id": "0b63fb76-9e5a-49ee-af09-3d00ec6a49d9",
    "data": [
      {
        "text": "Stop shaking your head",
        "userDefined": false
      }
    ],
    "isTemplate": false,
    "count": 0,
    "updated": 0
  },
  {
    "id": "434aa130-b429-4d01-a07e-367cd7c2d924",
    "data": [
      {
        "text": "Don\u0027t move your head",
        "userDefined": false
      }
    ],
    "isTemplate": false,
    "count": 0,
    "updated": 0
  },
  {
    "id": "8c2ba28f-89ef-4806-9d0f-102113b5d760",
    "data": [
      {
        "text": "Stop moving your head",
        "userDefined": false
      }
    ],
    "isTemplate": false,
    "count": 0,
    "updated": 0
  },
  {
    "id": "60a153f0-3bb2-42e8-943c-c41a0abef524",
    "data": [
      {
        "text": "Why does your head keep moving?",
        "userDefined": false
      }
    ],
    "isTemplate": false,
    "count": 0,
    "updated": 0
  },
  {
    "id": "1c61cc48-30bc-476f-a2f5-928402a4fe4e",
    "data": [
      {
        "text": "You move your head too much.",
        "userDefined": false
      }
    ],
    "isTemplate": false,
    "count": 0,
    "updated": 0
  }
]