[
  {
    "id": "3af7b8e0-1542-4258-82bd-1ced1f2a3482",
    "data": [
      {
        "text": "tell another joke",
        "userDefined": false
      }
    ],
    "isTemplate": false,
    "count": 0,
    "updated": 0
  },
  {
    "id": "75b64c24-93a2-4170-8347-09d3e5755a94",
    "data": [
      {
        "text": "do you know any joke",
        "userDefined": false
      }
    ],
    "isTemplate": false,
    "count": 0,
    "updated": 0
  },
  {
    "id": "334da448-1f09-4017-af93-7af62e477504",
    "data": [
      {
        "text": "Tell me a joke",
        "userDefined": false
      }
    ],
    "isTemplate": false,
    "count": 1,
    "updated": 0
  },
  {
    "id": "d305ff54-1b7d-4e61-9f3f-849152bba139",
    "data": [
      {
        "text": "say a joke",
        "userDefined": false
      }
    ],
    "isTemplate": false,
    "count": 0,
    "updated": 0
  },
  {
    "id": "81da8606-e00a-435a-8ee0-80938e93bb58",
    "data": [
      {
        "text": "do you have any good jokes",
        "userDefined": false
      }
    ],
    "isTemplate": false,
    "count": 0,
    "updated": 0
  },
  {
    "id": "27580043-32f8-422d-a4d4-0dc86f9378e1",
    "data": [
      {
        "text": "joke",
        "userDefined": false
      }
    ],
    "isTemplate": false,
    "count": 0,
    "updated": 0
  },
  {
    "id": "5083a771-22c7-41ae-9802-c8707817ddd9",
    "data": [
      {
        "text": "let\u0027s hear another one",
        "userDefined": false
      }
    ],
    "isTemplate": false,
    "count": 0,
    "updated": 0
  }
]