[
  {
    "id": "2b57bb17-2f5d-4841-a52e-d00a630c65c6",
    "data": [
      {
        "text": "Take care",
        "userDefined": false
      }
    ],
    "isTemplate": false,
    "count": 0,
    "updated": 0
  },
  {
    "id": "7a1c6f77-517b-446f-9b9e-2f12aeb5bed5",
    "data": [
      {
        "text": "Hope you well!",
        "userDefined": false
      }
    ],
    "isTemplate": false,
    "count": 1,
    "updated": 0
  },
  {
    "id": "57a6be53-2fe1-43cd-8d87-276dc4bdc861",
    "data": [
      {
        "text": "Take care of yourself",
        "userDefined": false
      }
    ],
    "isTemplate": false,
    "count": 0,
    "updated": 0
  }
]