[
  {
    "id": "1be265a2-92d8-4ccc-905b-d0d76b8da5c0",
    "data": [
      {
        "text": "Can I tell you a joke?",
        "userDefined": false
      }
    ],
    "isTemplate": false,
    "count": 0,
    "updated": 0
  },
  {
    "id": "6bcd7665-5243-4425-8a42-427ab0325b1b",
    "data": [
      {
        "text": "I have a good joke",
        "userDefined": false
      }
    ],
    "isTemplate": false,
    "count": 0,
    "updated": 0
  },
  {
    "id": "349b11ff-8a54-4c0d-9fd6-caf163005ecb",
    "data": [
      {
        "text": "Do you want to listen to a joke?",
        "userDefined": false
      }
    ],
    "isTemplate": false,
    "count": 0,
    "updated": 0
  },
  {
    "id": "dae1c001-78f7-4fbf-b7ed-c9397a60f23a",
    "data": [
      {
        "text": "I know some jokes",
        "userDefined": false
      }
    ],
    "isTemplate": false,
    "count": 0,
    "updated": 0
  },
  {
    "id": "06f47a59-1d11-44b7-bd84-faecd625fd28",
    "data": [
      {
        "text": "I have a joke to tell you",
        "userDefined": false
      }
    ],
    "isTemplate": false,
    "count": 0,
    "updated": 0
  }
]