[
  {
    "id": "21b2b6b6-d9b3-43a0-97c9-1b3de9049f4b",
    "data": [
      {
        "text": "The queue is long.",
        "userDefined": false
      }
    ],
    "isTemplate": false,
    "count": 0,
    "updated": 0
  },
  {
    "id": "a5a68cb5-88dd-4254-8565-22d32e2fc87a",
    "data": [
      {
        "text": "I\u0027ll wait",
        "userDefined": false
      }
    ],
    "isTemplate": false,
    "count": 0,
    "updated": 0
  },
  {
    "id": "14d2a979-8aaa-49cb-a0c0-640acee132ea",
    "data": [
      {
        "text": "How long do I have to wait in line?",
        "userDefined": false
      }
    ],
    "isTemplate": false,
    "count": 0,
    "updated": 0
  },
  {
    "id": "f5fa1e0a-4350-443a-a1dc-aa0094333f89",
    "data": [
      {
        "text": "I\u0027m waiting",
        "userDefined": false
      }
    ],
    "isTemplate": false,
    "count": 0,
    "updated": 0
  },
  {
    "id": "466c0b87-4bed-4f37-83af-aa551f7bda16",
    "data": [
      {
        "text": "still waiting",
        "userDefined": false
      }
    ],
    "isTemplate": false,
    "count": 0,
    "updated": 0
  },
  {
    "id": "cabe3e14-00fb-4bd4-a4ff-e36419e10eee",
    "data": [
      {
        "text": "how long do I have to wait",
        "userDefined": false
      }
    ],
    "isTemplate": false,
    "count": 0,
    "updated": 0
  },
  {
    "id": "13204f84-d5be-45c5-85fe-03d75443fc5b",
    "data": [
      {
        "text": "When will it be my turn?",
        "userDefined": false
      }
    ],
    "isTemplate": false,
    "count": 0,
    "updated": 0
  },
  {
    "id": "2eb58011-2572-45ef-afad-d8fa667960b7",
    "data": [
      {
        "text": "I can\u0027t wait anymore",
        "userDefined": false
      }
    ],
    "isTemplate": false,
    "count": 0,
    "updated": 0
  }
]